DTA File Name,QA_UF3C065040K4S-D_S7T320015_51000AOU_RB5_.dta
DTA File Created Date Time ,29 08 2025 01:42:49
TST File Name for DTA,QA_UF3C065040K4S-381_C.TST
CSV File Name,QA_UF3C065040K4S-D_S7T320015_51000AOU_RB5_DTA
CSV File Created Date Time,29 08 2025 01:58:08
Operator Name,16058
Station,A
Device Name,UF3C065040
Lot Name,51000AOU
Comment,RB5
Time Point,0
DataLog Rate,1
Number of Tests,41
Quantity Logged,226
Datalog Quantity to Log,32767
Test,,1,2,3,4,5,6,7,8,9,10,11,12,13,14,15,16,17,18,19,20,21,22,23,24,25,26,27,28,29,30,31,32,33,34,35,36,37,38,39,40,41
Item,,EXT3  ,DEF   ,DEF   ,DEF   ,DEF   ,DEF   ,DEF   ,DEF   ,DEF   ,ABSDEL,ABSDEL,ABSDEL,ABSDEL,ABSDEL,ABSDEL,ABSDEL,ABSDEL,CONT  ,IGSS  ,IGSS  ,VP    ,SAME  ,BVGSO ,SAME  ,BVGSO ,SAME  ,HRDON ,SAME  ,VDSON ,SAME  ,IDSS  ,SAME  ,BVDSS ,SAME  ,DELAY ,IDSS  ,SAME  ,DELAY ,IGSS  ,IGSS  ,EXT3C 
Limit,,1.000000e+000,9.000000e+002,4.000000e+001,2.000000e+001,1.000000e+001,8.000000e+000,4.000000e+000,2.000000e+000,1.000000e+000,0.000000e+000,1.000000e+000,1.000000e+000,1.000000e+000,1.000000e+000,1.000000e+000,1.000000e+000,1.000000e+000,0.000000e+000,2.000000e-005,2.000000e-005,6.000000e+000,4.000000e+000,2.900000e+001,2.200000e+001,2.900000e+001,2.200000e+001,5.200000e-002,1.000000e-002,1.750000e+000,8.000000e-001,1.500000e-004,2.000000e-008,6.500000e+002,1.200000e+003,0.000000e+000,1.500000e-004,2.000000e-008,0.000000e+000,2.000000e-005,2.000000e-005,0.000000e+000
Limit Min Max,,>,<,<,<,<,<,<,<,<,<,>,>,>,>,>,>,>,<,<,<,<,>,<,>,<,>,<,>,<,>,<,>,>,<,<,<,>,<,<,<,>
Limit Units,, , , , , , , , , , , , , , , , , , ,A,A,V, ,V, ,V, ,R, ,V, ,A, ,V, , ,A, , ,A,A, 
Bias 1,,,,,,,,,,,T#,T#,T#,T#,T#,T#,T#,T#,,VSG,VSG,VDS,T#,ISG,T#,ISG,T#,ID,T#,ID,T#,VDS,T#,ID,T#,,VDS,T#,,VSG,VSG,BIAS
Bias 1 Value,,0.000000e+000,0.000000e+000,0.000000e+000,0.000000e+000,0.000000e+000,0.000000e+000,0.000000e+000,0.000000e+000,0.000000e+000,1.000000e+000,1.000000e+000,1.000000e+000,1.000000e+000,1.000000e+000,1.000000e+000,1.000000e+000,1.000000e+000,0.000000e+000,2.000000e+001,2.000000e+001,5.000000e+000,2.100000e+001,2.500000e-004,2.300000e+001,2.500000e-004,2.500000e+001,4.000000e+001,2.700000e+001,2.000000e+001,2.900000e+001,6.500000e+002,3.100000e+001,1.000000e-003,3.300000e+001,0.000000e+000,6.500000e+002,3.600000e+001,0.000000e+000,2.000000e+001,2.000000e+001,0.000000e+000
Bias 1 Units,, , , , , , , , , , , , , , , , , , ,V,V,V, ,A, ,A, ,A, ,A, ,V, ,A, , ,V, , ,V,V, 
Bias 2,,,,,,,,,,,T#,T#,T#,T#,T#,T#,T#,T#,,,,ID,,VMAX,,VMAX,,VGS,,VG,,,,VMAX,,,,,,,,ITEM
Bias 2 Value,,0.000000e+000,0.000000e+000,0.000000e+000,0.000000e+000,0.000000e+000,0.000000e+000,0.000000e+000,0.000000e+000,0.000000e+000,9.000000e+000,8.000000e+000,7.000000e+000,6.000000e+000,5.000000e+000,4.000000e+000,3.000000e+000,2.000000e+000,0.000000e+000,0.000000e+000,0.000000e+000,1.000000e-002,0.000000e+000,3.000000e+001,0.000000e+000,3.000000e+001,0.000000e+000,1.200000e+001,0.000000e+000,0.000000e+000,0.000000e+000,0.000000e+000,0.000000e+000,1.200000e+003,0.000000e+000,0.000000e+000,0.000000e+000,0.000000e+000,0.000000e+000,0.000000e+000,0.000000e+000,0.000000e+000
Bias 2 Units,, , , , , , , , , , , , , , , , , , , , ,A, ,V, ,V, ,V, ,V, , , ,V, , , , , , , , 
Time,,7.800000e-004,0.000000e+000,0.000000e+000,0.000000e+000,0.000000e+000,0.000000e+000,0.000000e+000,0.000000e+000,0.000000e+000,0.000000e+000,0.000000e+000,0.000000e+000,0.000000e+000,0.000000e+000,0.000000e+000,0.000000e+000,0.000000e+000,7.800000e-004,2.000000e-002,2.000000e-002,1.000000e-003,0.000000e+000,1.000000e-002,0.000000e+000,1.000000e-002,0.000000e+000,3.000000e-004,0.000000e+000,3.000000e-004,0.000000e+000,4.000000e-002,0.000000e+000,8.000000e-003,0.000000e+000,1.000000e-002,4.000000e-002,0.000000e+000,1.000000e-002,2.000000e-002,2.000000e-002,7.800000e-004
Time Units,,s,s,s,s,s,s,s,s,s,s,s,s,s,s,s,s,s,s,s,s,s,s,s,s,s,s,s,s,s,s,s,s,s,s,s,s,s,s,s,s,s
Wafer Data,No
Serial,Bin
1,7,2.000000e+000,9.000000e+002,4.000000e+001,2.000000e+001,1.000000e+001,8.000000e+000,4.000000e+000,2.000000e+000,1.000000e+000,1.000000e+000,0,2.000000e+000,6.000000e+000,8.000000e+000,1.800000e+001,3.800000e+001,8.980000e+002,,,,,,,,,,,,,,,,,,,,,,,,0
2,1,1.000000e+000,9.000000e+002,4.000000e+001,2.000000e+001,1.000000e+001,8.000000e+000,4.000000e+000,2.000000e+000,1.000000e+000,0,1.000000e+000,3.000000e+000,7.000000e+000,9.000000e+000,1.900000e+001,3.900000e+001,8.990000e+002,,1.260000e-006,1.310000e-006,4.657000e+000,4.657000e+000,2.635000e+001,2.635000e+001,2.639000e+001,2.639000e+001,4.302000e-002,4.302000e-002,1.496000e+000,1.496000e+000,3.531000e-006,3.531000e-006,8.179000e+002,8.179000e+002,,3.602000e-006,3.602000e-006,,1.270000e-006,1.329000e-006,0
3,1,1.000000e+000,9.000000e+002,4.000000e+001,2.000000e+001,1.000000e+001,8.000000e+000,4.000000e+000,2.000000e+000,1.000000e+000,0,1.000000e+000,3.000000e+000,7.000000e+000,9.000000e+000,1.900000e+001,3.900000e+001,8.990000e+002,,1.420000e-006,1.573000e-006,4.747000e+000,4.747000e+000,2.636000e+001,2.636000e+001,2.639000e+001,2.639000e+001,4.317000e-002,4.317000e-002,1.504000e+000,1.504000e+000,2.727000e-006,2.727000e-006,8.160000e+002,8.160000e+002,,2.785000e-006,2.785000e-006,,1.437000e-006,1.590000e-006,0
4,1,1.000000e+000,9.000000e+002,4.000000e+001,2.000000e+001,1.000000e+001,8.000000e+000,4.000000e+000,2.000000e+000,1.000000e+000,0,1.000000e+000,3.000000e+000,7.000000e+000,9.000000e+000,1.900000e+001,3.900000e+001,8.990000e+002,,1.425000e-006,1.573000e-006,4.760000e+000,4.760000e+000,2.645000e+001,2.645000e+001,2.642000e+001,2.642000e+001,4.310000e-002,4.310000e-002,1.504000e+000,1.504000e+000,3.290000e-006,3.290000e-006,8.163000e+002,8.163000e+002,,3.366000e-006,3.366000e-006,,1.442000e-006,1.590000e-006,0
5,1,1.000000e+000,9.000000e+002,4.000000e+001,2.000000e+001,1.000000e+001,8.000000e+000,4.000000e+000,2.000000e+000,1.000000e+000,0,1.000000e+000,3.000000e+000,7.000000e+000,9.000000e+000,1.900000e+001,3.900000e+001,8.990000e+002,,1.350000e-006,1.426000e-006,4.675000e+000,4.675000e+000,2.628000e+001,2.628000e+001,2.644000e+001,2.644000e+001,4.422000e-002,4.422000e-002,1.518000e+000,1.518000e+000,2.639000e-006,2.639000e-006,8.134000e+002,8.134000e+002,,2.662000e-006,2.662000e-006,,1.369000e-006,1.431000e-006,0
6,1,1.000000e+000,9.000000e+002,4.000000e+001,2.000000e+001,1.000000e+001,8.000000e+000,4.000000e+000,2.000000e+000,1.000000e+000,0,1.000000e+000,3.000000e+000,7.000000e+000,9.000000e+000,1.900000e+001,3.900000e+001,8.990000e+002,,1.440000e-006,2.300000e-006,4.755000e+000,4.755000e+000,2.644000e+001,2.644000e+001,2.643000e+001,2.643000e+001,4.227000e-002,4.227000e-002,1.505000e+000,1.505000e+000,5.193000e-007,5.193000e-007,8.117000e+002,8.117000e+002,,5.210000e-007,5.210000e-007,,1.445000e-006,2.327000e-006,0
7,1,1.000000e+000,9.000000e+002,4.000000e+001,2.000000e+001,1.000000e+001,8.000000e+000,4.000000e+000,2.000000e+000,1.000000e+000,0,1.000000e+000,3.000000e+000,7.000000e+000,9.000000e+000,1.900000e+001,3.900000e+001,8.990000e+002,,1.454000e-006,1.532000e-006,4.793000e+000,4.793000e+000,2.639000e+001,2.639000e+001,2.630000e+001,2.630000e+001,4.312000e-002,4.312000e-002,1.506000e+000,1.506000e+000,2.853000e-006,2.853000e-006,8.180000e+002,8.180000e+002,,2.860000e-006,2.860000e-006,,1.476000e-006,1.559000e-006,0
8,1,1.000000e+000,9.000000e+002,4.000000e+001,2.000000e+001,1.000000e+001,8.000000e+000,4.000000e+000,2.000000e+000,1.000000e+000,0,1.000000e+000,3.000000e+000,7.000000e+000,9.000000e+000,1.900000e+001,3.900000e+001,8.990000e+002,,1.515000e-006,1.809000e-006,4.770000e+000,4.770000e+000,2.636000e+001,2.636000e+001,2.646000e+001,2.646000e+001,4.357000e-002,4.357000e-002,1.509000e+000,1.509000e+000,2.505000e-006,2.505000e-006,8.153000e+002,8.153000e+002,,2.482000e-006,2.482000e-006,,1.530000e-006,1.818000e-006,0
9,1,1.000000e+000,9.000000e+002,4.000000e+001,2.000000e+001,1.000000e+001,8.000000e+000,4.000000e+000,2.000000e+000,1.000000e+000,0,1.000000e+000,3.000000e+000,7.000000e+000,9.000000e+000,1.900000e+001,3.900000e+001,8.990000e+002,,1.470000e-006,2.662000e-006,4.798000e+000,4.798000e+000,2.643000e+001,2.643000e+001,2.640000e+001,2.640000e+001,4.197000e-002,4.197000e-002,1.502000e+000,1.502000e+000,7.859000e-007,7.859000e-007,7.936000e+002,7.936000e+002,,7.872000e-007,7.872000e-007,,1.464000e-006,2.672000e-006,0
10,7,2.000000e+000,9.000000e+002,4.000000e+001,2.000000e+001,1.000000e+001,8.000000e+000,4.000000e+000,2.000000e+000,1.000000e+000,1.000000e+000,0,2.000000e+000,6.000000e+000,8.000000e+000,1.800000e+001,3.800000e+001,8.980000e+002,,,,,,,,,,,,,,,,,,,,,,,,0
11,1,1.000000e+000,9.000000e+002,4.000000e+001,2.000000e+001,1.000000e+001,8.000000e+000,4.000000e+000,2.000000e+000,1.000000e+000,0,1.000000e+000,3.000000e+000,7.000000e+000,9.000000e+000,1.900000e+001,3.900000e+001,8.990000e+002,,1.549000e-006,1.282000e-006,4.642000e+000,4.642000e+000,2.647000e+001,2.647000e+001,2.639000e+001,2.639000e+001,4.340000e-002,4.340000e-002,1.509000e+000,1.509000e+000,2.905000e-006,2.905000e-006,8.077000e+002,8.077000e+002,,2.982000e-006,2.982000e-006,,1.557000e-006,1.311000e-006,0
12,7,2.000000e+000,9.000000e+002,4.000000e+001,2.000000e+001,1.000000e+001,8.000000e+000,4.000000e+000,2.000000e+000,1.000000e+000,1.000000e+000,0,2.000000e+000,6.000000e+000,8.000000e+000,1.800000e+001,3.800000e+001,8.980000e+002,,,,,,,,,,,,,,,,,,,,,,,,0
13,1,1.000000e+000,9.000000e+002,4.000000e+001,2.000000e+001,1.000000e+001,8.000000e+000,4.000000e+000,2.000000e+000,1.000000e+000,0,1.000000e+000,3.000000e+000,7.000000e+000,9.000000e+000,1.900000e+001,3.900000e+001,8.990000e+002,,1.568000e-006,2.409000e-006,4.788000e+000,4.788000e+000,2.650000e+001,2.650000e+001,2.641000e+001,2.641000e+001,4.180000e-002,4.180000e-002,1.498000e+000,1.498000e+000,1.215000e-006,1.215000e-006,7.734000e+002,7.734000e+002,,1.205000e-006,1.205000e-006,,1.574000e-006,2.470000e-006,0
14,7,2.000000e+000,9.000000e+002,4.000000e+001,2.000000e+001,1.000000e+001,8.000000e+000,4.000000e+000,2.000000e+000,1.000000e+000,1.000000e+000,0,2.000000e+000,6.000000e+000,8.000000e+000,1.800000e+001,3.800000e+001,8.980000e+002,,,,,,,,,,,,,,,,,,,,,,,,0
15,1,1.000000e+000,9.000000e+002,4.000000e+001,2.000000e+001,1.000000e+001,8.000000e+000,4.000000e+000,2.000000e+000,1.000000e+000,0,1.000000e+000,3.000000e+000,7.000000e+000,9.000000e+000,1.900000e+001,3.900000e+001,8.990000e+002,,1.621000e-006,1.600000e-006,4.770000e+000,4.770000e+000,2.640000e+001,2.640000e+001,2.626000e+001,2.626000e+001,4.287000e-002,4.287000e-002,1.505000e+000,1.505000e+000,2.758000e-006,2.758000e-006,8.189000e+002,8.189000e+002,,2.797000e-006,2.797000e-006,,1.628000e-006,1.615000e-006,0
16,7,2.000000e+000,9.000000e+002,4.000000e+001,2.000000e+001,1.000000e+001,8.000000e+000,4.000000e+000,2.000000e+000,1.000000e+000,1.000000e+000,0,2.000000e+000,6.000000e+000,8.000000e+000,1.800000e+001,3.800000e+001,8.980000e+002,,,,,,,,,,,,,,,,,,,,,,,,0
17,1,1.000000e+000,9.000000e+002,4.000000e+001,2.000000e+001,1.000000e+001,8.000000e+000,4.000000e+000,2.000000e+000,1.000000e+000,0,1.000000e+000,3.000000e+000,7.000000e+000,9.000000e+000,1.900000e+001,3.900000e+001,8.990000e+002,,1.492000e-006,2.359000e-006,4.799000e+000,4.799000e+000,2.635000e+001,2.635000e+001,2.639000e+001,2.639000e+001,4.070000e-002,4.070000e-002,1.479000e+000,1.479000e+000,9.197000e-007,9.197000e-007,7.915000e+002,7.915000e+002,,9.149000e-007,9.149000e-007,,1.510000e-006,2.402000e-006,0
18,7,2.000000e+000,9.000000e+002,4.000000e+001,2.000000e+001,1.000000e+001,8.000000e+000,4.000000e+000,2.000000e+000,1.000000e+000,1.000000e+000,0,2.000000e+000,6.000000e+000,8.000000e+000,1.800000e+001,3.800000e+001,8.980000e+002,,,,,,,,,,,,,,,,,,,,,,,,0
19,1,1.000000e+000,9.000000e+002,4.000000e+001,2.000000e+001,1.000000e+001,8.000000e+000,4.000000e+000,2.000000e+000,1.000000e+000,0,1.000000e+000,3.000000e+000,7.000000e+000,9.000000e+000,1.900000e+001,3.900000e+001,8.990000e+002,,1.453000e-006,1.497000e-006,4.794000e+000,4.794000e+000,2.647000e+001,2.647000e+001,2.642000e+001,2.642000e+001,4.307000e-002,4.307000e-002,1.515000e+000,1.515000e+000,3.277000e-006,3.277000e-006,8.015000e+002,8.015000e+002,,3.282000e-006,3.282000e-006,,1.470000e-006,1.520000e-006,0
20,7,2.000000e+000,9.000000e+002,4.000000e+001,2.000000e+001,1.000000e+001,8.000000e+000,4.000000e+000,2.000000e+000,1.000000e+000,1.000000e+000,0,2.000000e+000,6.000000e+000,8.000000e+000,1.800000e+001,3.800000e+001,8.980000e+002,,,,,,,,,,,,,,,,,,,,,,,,0
21,1,1.000000e+000,9.000000e+002,4.000000e+001,2.000000e+001,1.000000e+001,8.000000e+000,4.000000e+000,2.000000e+000,1.000000e+000,0,1.000000e+000,3.000000e+000,7.000000e+000,9.000000e+000,1.900000e+001,3.900000e+001,8.990000e+002,,1.492000e-006,1.445000e-006,4.805000e+000,4.805000e+000,2.648000e+001,2.648000e+001,2.645000e+001,2.645000e+001,4.215000e-002,4.215000e-002,1.503000e+000,1.503000e+000,3.955000e-006,3.955000e-006,7.970000e+002,7.970000e+002,,3.989000e-006,3.989000e-006,,1.525000e-006,1.474000e-006,0
22,7,2.000000e+000,9.000000e+002,4.000000e+001,2.000000e+001,1.000000e+001,8.000000e+000,4.000000e+000,2.000000e+000,1.000000e+000,1.000000e+000,0,2.000000e+000,6.000000e+000,8.000000e+000,1.800000e+001,3.800000e+001,8.980000e+002,,,,,,,,,,,,,,,,,,,,,,,,0
23,1,1.000000e+000,9.000000e+002,4.000000e+001,2.000000e+001,1.000000e+001,8.000000e+000,4.000000e+000,2.000000e+000,1.000000e+000,0,1.000000e+000,3.000000e+000,7.000000e+000,9.000000e+000,1.900000e+001,3.900000e+001,8.990000e+002,,1.382000e-006,1.707000e-006,4.810000e+000,4.810000e+000,2.630000e+001,2.630000e+001,2.652000e+001,2.652000e+001,4.107000e-002,4.107000e-002,1.477000e+000,1.477000e+000,2.349000e-006,2.349000e-006,7.805000e+002,7.805000e+002,,2.730000e-006,2.730000e-006,,1.400000e-006,1.729000e-006,0
24,7,2.000000e+000,9.000000e+002,4.000000e+001,2.000000e+001,1.000000e+001,8.000000e+000,4.000000e+000,2.000000e+000,1.000000e+000,1.000000e+000,0,2.000000e+000,6.000000e+000,8.000000e+000,1.800000e+001,3.800000e+001,8.980000e+002,,,,,,,,,,,,,,,,,,,,,,,,0
25,1,1.000000e+000,9.000000e+002,4.000000e+001,2.000000e+001,1.000000e+001,8.000000e+000,4.000000e+000,2.000000e+000,1.000000e+000,0,1.000000e+000,3.000000e+000,7.000000e+000,9.000000e+000,1.900000e+001,3.900000e+001,8.990000e+002,,1.432000e-006,1.599000e-006,4.751000e+000,4.751000e+000,2.650000e+001,2.650000e+001,2.640000e+001,2.640000e+001,4.280000e-002,4.280000e-002,1.499000e+000,1.499000e+000,2.517000e-006,2.517000e-006,8.204000e+002,8.204000e+002,,2.527000e-006,2.527000e-006,,1.445000e-006,1.610000e-006,0
26,7,2.000000e+000,9.000000e+002,4.000000e+001,2.000000e+001,1.000000e+001,8.000000e+000,4.000000e+000,2.000000e+000,1.000000e+000,1.000000e+000,0,2.000000e+000,6.000000e+000,8.000000e+000,1.800000e+001,3.800000e+001,8.980000e+002,,,,,,,,,,,,,,,,,,,,,,,,0
27,1,1.000000e+000,9.000000e+002,4.000000e+001,2.000000e+001,1.000000e+001,8.000000e+000,4.000000e+000,2.000000e+000,1.000000e+000,0,1.000000e+000,3.000000e+000,7.000000e+000,9.000000e+000,1.900000e+001,3.900000e+001,8.990000e+002,,1.353000e-006,1.319000e-006,4.766000e+000,4.766000e+000,2.637000e+001,2.637000e+001,2.636000e+001,2.636000e+001,4.370000e-002,4.370000e-002,1.523000e+000,1.523000e+000,7.960000e-007,7.960000e-007,8.042000e+002,8.042000e+002,,8.012000e-007,8.012000e-007,,1.363000e-006,1.343000e-006,0
28,7,2.000000e+000,9.000000e+002,4.000000e+001,2.000000e+001,1.000000e+001,8.000000e+000,4.000000e+000,2.000000e+000,1.000000e+000,1.000000e+000,0,2.000000e+000,6.000000e+000,8.000000e+000,1.800000e+001,3.800000e+001,8.980000e+002,,,,,,,,,,,,,,,,,,,,,,,,0
29,1,1.000000e+000,9.000000e+002,4.000000e+001,2.000000e+001,1.000000e+001,8.000000e+000,4.000000e+000,2.000000e+000,1.000000e+000,0,1.000000e+000,3.000000e+000,7.000000e+000,9.000000e+000,1.900000e+001,3.900000e+001,8.990000e+002,,1.381000e-006,1.531000e-006,4.777000e+000,4.777000e+000,2.639000e+001,2.639000e+001,2.631000e+001,2.631000e+001,4.210000e-002,4.210000e-002,1.498000e+000,1.498000e+000,2.346000e-006,2.346000e-006,8.049000e+002,8.049000e+002,,2.356000e-006,2.356000e-006,,1.415000e-006,1.565000e-006,0
30,7,2.000000e+000,9.000000e+002,4.000000e+001,2.000000e+001,1.000000e+001,8.000000e+000,4.000000e+000,2.000000e+000,1.000000e+000,1.000000e+000,0,2.000000e+000,6.000000e+000,8.000000e+000,1.800000e+001,3.800000e+001,8.980000e+002,,,,,,,,,,,,,,,,,,,,,,,,0
31,1,1.000000e+000,9.000000e+002,4.000000e+001,2.000000e+001,1.000000e+001,8.000000e+000,4.000000e+000,2.000000e+000,1.000000e+000,0,1.000000e+000,3.000000e+000,7.000000e+000,9.000000e+000,1.900000e+001,3.900000e+001,8.990000e+002,,1.818000e-006,3.059000e-006,4.786000e+000,4.786000e+000,2.632000e+001,2.632000e+001,2.647000e+001,2.647000e+001,4.157000e-002,4.157000e-002,1.489000e+000,1.489000e+000,3.839000e-007,3.839000e-007,8.055000e+002,8.055000e+002,,3.920000e-007,3.920000e-007,,1.822000e-006,3.123000e-006,0
32,7,2.000000e+000,9.000000e+002,4.000000e+001,2.000000e+001,1.000000e+001,8.000000e+000,4.000000e+000,2.000000e+000,1.000000e+000,1.000000e+000,0,2.000000e+000,6.000000e+000,8.000000e+000,1.800000e+001,3.800000e+001,8.980000e+002,,,,,,,,,,,,,,,,,,,,,,,,0
33,1,1.000000e+000,9.000000e+002,4.000000e+001,2.000000e+001,1.000000e+001,8.000000e+000,4.000000e+000,2.000000e+000,1.000000e+000,0,1.000000e+000,3.000000e+000,7.000000e+000,9.000000e+000,1.900000e+001,3.900000e+001,8.990000e+002,,1.395000e-006,1.396000e-006,4.701000e+000,4.701000e+000,2.632000e+001,2.632000e+001,2.641000e+001,2.641000e+001,4.182000e-002,4.182000e-002,1.496000e+000,1.496000e+000,2.979000e-006,2.979000e-006,7.868000e+002,7.868000e+002,,2.981000e-006,2.981000e-006,,1.423000e-006,1.399000e-006,0
34,7,2.000000e+000,9.000000e+002,4.000000e+001,2.000000e+001,1.000000e+001,8.000000e+000,4.000000e+000,2.000000e+000,1.000000e+000,1.000000e+000,0,2.000000e+000,6.000000e+000,8.000000e+000,1.800000e+001,3.800000e+001,8.980000e+002,,,,,,,,,,,,,,,,,,,,,,,,0
35,1,1.000000e+000,9.000000e+002,4.000000e+001,2.000000e+001,1.000000e+001,8.000000e+000,4.000000e+000,2.000000e+000,1.000000e+000,0,1.000000e+000,3.000000e+000,7.000000e+000,9.000000e+000,1.900000e+001,3.900000e+001,8.990000e+002,,1.896000e-006,2.779000e-006,4.791000e+000,4.791000e+000,2.652000e+001,2.652000e+001,2.636000e+001,2.636000e+001,4.385000e-002,4.385000e-002,1.526000e+000,1.526000e+000,6.120000e-007,6.120000e-007,8.093000e+002,8.093000e+002,,6.085000e-007,6.085000e-007,,1.949000e-006,2.747000e-006,0
36,7,2.000000e+000,9.000000e+002,4.000000e+001,2.000000e+001,1.000000e+001,8.000000e+000,4.000000e+000,2.000000e+000,1.000000e+000,1.000000e+000,0,2.000000e+000,6.000000e+000,8.000000e+000,1.800000e+001,3.800000e+001,8.980000e+002,,,,,,,,,,,,,,,,,,,,,,,,0
37,1,1.000000e+000,9.000000e+002,4.000000e+001,2.000000e+001,1.000000e+001,8.000000e+000,4.000000e+000,2.000000e+000,1.000000e+000,0,1.000000e+000,3.000000e+000,7.000000e+000,9.000000e+000,1.900000e+001,3.900000e+001,8.990000e+002,,1.266000e-006,1.349000e-006,4.693000e+000,4.693000e+000,2.647000e+001,2.647000e+001,2.656000e+001,2.656000e+001,4.217000e-002,4.217000e-002,1.499000e+000,1.499000e+000,2.855000e-006,2.855000e-006,7.890000e+002,7.890000e+002,,2.892000e-006,2.892000e-006,,1.289000e-006,1.367000e-006,0
38,7,2.000000e+000,9.000000e+002,4.000000e+001,2.000000e+001,1.000000e+001,8.000000e+000,4.000000e+000,2.000000e+000,1.000000e+000,1.000000e+000,0,2.000000e+000,6.000000e+000,8.000000e+000,1.800000e+001,3.800000e+001,8.980000e+002,,,,,,,,,,,,,,,,,,,,,,,,0
39,1,1.000000e+000,9.000000e+002,4.000000e+001,2.000000e+001,1.000000e+001,8.000000e+000,4.000000e+000,2.000000e+000,1.000000e+000,0,1.000000e+000,3.000000e+000,7.000000e+000,9.000000e+000,1.900000e+001,3.900000e+001,8.990000e+002,,2.072000e-006,1.710000e-006,4.793000e+000,4.793000e+000,2.629000e+001,2.629000e+001,2.639000e+001,2.639000e+001,4.302000e-002,4.302000e-002,1.499000e+000,1.499000e+000,2.288000e-006,2.288000e-006,8.059000e+002,8.059000e+002,,2.199000e-006,2.199000e-006,,2.089000e-006,1.809000e-006,0
40,7,2.000000e+000,9.000000e+002,4.000000e+001,2.000000e+001,1.000000e+001,8.000000e+000,4.000000e+000,2.000000e+000,1.000000e+000,1.000000e+000,0,2.000000e+000,6.000000e+000,8.000000e+000,1.800000e+001,3.800000e+001,8.980000e+002,,,,,,,,,,,,,,,,,,,,,,,,0
41,1,1.000000e+000,9.000000e+002,4.000000e+001,2.000000e+001,1.000000e+001,8.000000e+000,4.000000e+000,2.000000e+000,1.000000e+000,0,1.000000e+000,3.000000e+000,7.000000e+000,9.000000e+000,1.900000e+001,3.900000e+001,8.990000e+002,,1.438000e-006,1.447000e-006,4.777000e+000,4.777000e+000,2.637000e+001,2.637000e+001,2.646000e+001,2.646000e+001,4.237000e-002,4.237000e-002,1.508000e+000,1.508000e+000,2.420000e-006,2.420000e-006,8.013000e+002,8.013000e+002,,2.461000e-006,2.461000e-006,,1.449000e-006,1.463000e-006,0
42,7,2.000000e+000,9.000000e+002,4.000000e+001,2.000000e+001,1.000000e+001,8.000000e+000,4.000000e+000,2.000000e+000,1.000000e+000,1.000000e+000,0,2.000000e+000,6.000000e+000,8.000000e+000,1.800000e+001,3.800000e+001,8.980000e+002,,,,,,,,,,,,,,,,,,,,,,,,0
43,1,1.000000e+000,9.000000e+002,4.000000e+001,2.000000e+001,1.000000e+001,8.000000e+000,4.000000e+000,2.000000e+000,1.000000e+000,0,1.000000e+000,3.000000e+000,7.000000e+000,9.000000e+000,1.900000e+001,3.900000e+001,8.990000e+002,,1.445000e-006,1.556000e-006,4.804000e+000,4.804000e+000,2.631000e+001,2.631000e+001,2.641000e+001,2.641000e+001,4.265000e-002,4.265000e-002,1.512000e+000,1.512000e+000,2.705000e-006,2.705000e-006,8.005000e+002,8.005000e+002,,2.410000e-006,2.410000e-006,,1.467000e-006,1.569000e-006,0
44,7,2.000000e+000,9.000000e+002,4.000000e+001,2.000000e+001,1.000000e+001,8.000000e+000,4.000000e+000,2.000000e+000,1.000000e+000,1.000000e+000,0,2.000000e+000,6.000000e+000,8.000000e+000,1.800000e+001,3.800000e+001,8.980000e+002,,,,,,,,,,,,,,,,,,,,,,,,0
45,1,1.000000e+000,9.000000e+002,4.000000e+001,2.000000e+001,1.000000e+001,8.000000e+000,4.000000e+000,2.000000e+000,1.000000e+000,0,1.000000e+000,3.000000e+000,7.000000e+000,9.000000e+000,1.900000e+001,3.900000e+001,8.990000e+002,,1.492000e-006,1.459000e-006,4.666000e+000,4.666000e+000,2.641000e+001,2.641000e+001,2.629000e+001,2.629000e+001,4.267000e-002,4.267000e-002,1.496000e+000,1.496000e+000,2.398000e-006,2.398000e-006,8.014000e+002,8.014000e+002,,2.398000e-006,2.398000e-006,,1.501000e-006,1.489000e-006,0
46,7,2.000000e+000,9.000000e+002,4.000000e+001,2.000000e+001,1.000000e+001,8.000000e+000,4.000000e+000,2.000000e+000,1.000000e+000,1.000000e+000,0,2.000000e+000,6.000000e+000,8.000000e+000,1.800000e+001,3.800000e+001,8.980000e+002,,,,,,,,,,,,,,,,,,,,,,,,0
47,1,1.000000e+000,9.000000e+002,4.000000e+001,2.000000e+001,1.000000e+001,8.000000e+000,4.000000e+000,2.000000e+000,1.000000e+000,0,1.000000e+000,3.000000e+000,7.000000e+000,9.000000e+000,1.900000e+001,3.900000e+001,8.990000e+002,,1.242000e-006,1.245000e-006,4.612000e+000,4.612000e+000,2.637000e+001,2.637000e+001,2.638000e+001,2.638000e+001,4.462000e-002,4.462000e-002,1.525000e+000,1.525000e+000,6.465000e-007,6.465000e-007,8.126000e+002,8.126000e+002,,6.332000e-007,6.332000e-007,,1.227000e-006,1.255000e-006,0
48,7,2.000000e+000,9.000000e+002,4.000000e+001,2.000000e+001,1.000000e+001,8.000000e+000,4.000000e+000,2.000000e+000,1.000000e+000,1.000000e+000,0,2.000000e+000,6.000000e+000,8.000000e+000,1.800000e+001,3.800000e+001,8.980000e+002,,,,,,,,,,,,,,,,,,,,,,,,0
49,1,1.000000e+000,9.000000e+002,4.000000e+001,2.000000e+001,1.000000e+001,8.000000e+000,4.000000e+000,2.000000e+000,1.000000e+000,0,1.000000e+000,3.000000e+000,7.000000e+000,9.000000e+000,1.900000e+001,3.900000e+001,8.990000e+002,,1.256000e-006,1.273000e-006,4.574000e+000,4.574000e+000,2.641000e+001,2.641000e+001,2.636000e+001,2.636000e+001,4.380000e-002,4.380000e-002,1.519000e+000,1.519000e+000,1.320000e-006,1.320000e-006,8.083000e+002,8.083000e+002,,1.332000e-006,1.332000e-006,,1.270000e-006,1.285000e-006,0
50,7,2.000000e+000,9.000000e+002,4.000000e+001,2.000000e+001,1.000000e+001,8.000000e+000,4.000000e+000,2.000000e+000,1.000000e+000,1.000000e+000,0,2.000000e+000,6.000000e+000,8.000000e+000,1.800000e+001,3.800000e+001,8.980000e+002,,,,,,,,,,,,,,,,,,,,,,,,0
51,1,1.000000e+000,9.000000e+002,4.000000e+001,2.000000e+001,1.000000e+001,8.000000e+000,4.000000e+000,2.000000e+000,1.000000e+000,0,1.000000e+000,3.000000e+000,7.000000e+000,9.000000e+000,1.900000e+001,3.900000e+001,8.990000e+002,,2.371000e-006,1.775000e-006,4.786000e+000,4.786000e+000,2.644000e+001,2.644000e+001,2.629000e+001,2.629000e+001,4.205000e-002,4.205000e-002,1.499000e+000,1.499000e+000,6.840000e-007,6.840000e-007,8.041000e+002,8.041000e+002,,6.872000e-007,6.872000e-007,,2.373000e-006,1.810000e-006,0
52,7,2.000000e+000,9.000000e+002,4.000000e+001,2.000000e+001,1.000000e+001,8.000000e+000,4.000000e+000,2.000000e+000,1.000000e+000,1.000000e+000,0,2.000000e+000,6.000000e+000,8.000000e+000,1.800000e+001,3.800000e+001,8.980000e+002,,,,,,,,,,,,,,,,,,,,,,,,0
53,1,1.000000e+000,9.000000e+002,4.000000e+001,2.000000e+001,1.000000e+001,8.000000e+000,4.000000e+000,2.000000e+000,1.000000e+000,0,1.000000e+000,3.000000e+000,7.000000e+000,9.000000e+000,1.900000e+001,3.900000e+001,8.990000e+002,,2.397000e-006,1.768000e-006,4.771000e+000,4.771000e+000,2.629000e+001,2.629000e+001,2.653000e+001,2.653000e+001,4.030000e-002,4.030000e-002,1.472000e+000,1.472000e+000,6.280000e-007,6.280000e-007,7.961000e+002,7.961000e+002,,6.193000e-007,6.193000e-007,,2.430000e-006,1.780000e-006,0
54,7,2.000000e+000,9.000000e+002,4.000000e+001,2.000000e+001,1.000000e+001,8.000000e+000,4.000000e+000,2.000000e+000,1.000000e+000,1.000000e+000,0,2.000000e+000,6.000000e+000,8.000000e+000,1.800000e+001,3.800000e+001,8.980000e+002,,,,,,,,,,,,,,,,,,,,,,,,0
55,1,1.000000e+000,9.000000e+002,4.000000e+001,2.000000e+001,1.000000e+001,8.000000e+000,4.000000e+000,2.000000e+000,1.000000e+000,0,1.000000e+000,3.000000e+000,7.000000e+000,9.000000e+000,1.900000e+001,3.900000e+001,8.990000e+002,,1.767000e-006,2.339000e-006,4.874000e+000,4.874000e+000,2.654000e+001,2.654000e+001,2.645000e+001,2.645000e+001,4.237000e-002,4.237000e-002,1.505000e+000,1.505000e+000,6.669000e-007,6.669000e-007,8.101000e+002,8.101000e+002,,6.687000e-007,6.687000e-007,,1.795000e-006,2.390000e-006,0
56,7,2.000000e+000,9.000000e+002,4.000000e+001,2.000000e+001,1.000000e+001,8.000000e+000,4.000000e+000,2.000000e+000,1.000000e+000,1.000000e+000,0,2.000000e+000,6.000000e+000,8.000000e+000,1.800000e+001,3.800000e+001,8.980000e+002,,,,,,,,,,,,,,,,,,,,,,,,0
57,1,1.000000e+000,9.000000e+002,4.000000e+001,2.000000e+001,1.000000e+001,8.000000e+000,4.000000e+000,2.000000e+000,1.000000e+000,0,1.000000e+000,3.000000e+000,7.000000e+000,9.000000e+000,1.900000e+001,3.900000e+001,8.990000e+002,,2.017000e-006,1.581000e-006,4.782000e+000,4.782000e+000,2.623000e+001,2.623000e+001,2.648000e+001,2.648000e+001,4.155000e-002,4.155000e-002,1.499000e+000,1.499000e+000,1.132000e-006,1.132000e-006,7.869000e+002,7.869000e+002,,1.122000e-006,1.122000e-006,,2.083000e-006,1.605000e-006,0
58,7,2.000000e+000,9.000000e+002,4.000000e+001,2.000000e+001,1.000000e+001,8.000000e+000,4.000000e+000,2.000000e+000,1.000000e+000,1.000000e+000,0,2.000000e+000,6.000000e+000,8.000000e+000,1.800000e+001,3.800000e+001,8.980000e+002,,,,,,,,,,,,,,,,,,,,,,,,0
59,1,1.000000e+000,9.000000e+002,4.000000e+001,2.000000e+001,1.000000e+001,8.000000e+000,4.000000e+000,2.000000e+000,1.000000e+000,0,1.000000e+000,3.000000e+000,7.000000e+000,9.000000e+000,1.900000e+001,3.900000e+001,8.990000e+002,,1.586000e-006,2.088000e-006,4.769000e+000,4.769000e+000,2.649000e+001,2.649000e+001,2.648000e+001,2.648000e+001,4.272000e-002,4.272000e-002,1.499000e+000,1.499000e+000,1.599000e-006,1.599000e-006,8.181000e+002,8.181000e+002,,1.605000e-006,1.605000e-006,,1.630000e-006,2.126000e-006,0
60,7,2.000000e+000,9.000000e+002,4.000000e+001,2.000000e+001,1.000000e+001,8.000000e+000,4.000000e+000,2.000000e+000,1.000000e+000,1.000000e+000,0,2.000000e+000,6.000000e+000,8.000000e+000,1.800000e+001,3.800000e+001,8.980000e+002,,,,,,,,,,,,,,,,,,,,,,,,0
61,1,1.000000e+000,9.000000e+002,4.000000e+001,2.000000e+001,1.000000e+001,8.000000e+000,4.000000e+000,2.000000e+000,1.000000e+000,0,1.000000e+000,3.000000e+000,7.000000e+000,9.000000e+000,1.900000e+001,3.900000e+001,8.990000e+002,,1.347000e-006,1.680000e-006,4.827000e+000,4.827000e+000,2.641000e+001,2.641000e+001,2.635000e+001,2.635000e+001,4.272000e-002,4.272000e-002,1.511000e+000,1.511000e+000,3.175000e-006,3.175000e-006,8.089000e+002,8.089000e+002,,3.211000e-006,3.211000e-006,,1.349000e-006,1.710000e-006,0
62,7,2.000000e+000,9.000000e+002,4.000000e+001,2.000000e+001,1.000000e+001,8.000000e+000,4.000000e+000,2.000000e+000,1.000000e+000,1.000000e+000,0,2.000000e+000,6.000000e+000,8.000000e+000,1.800000e+001,3.800000e+001,8.980000e+002,,,,,,,,,,,,,,,,,,,,,,,,0
63,1,1.000000e+000,9.000000e+002,4.000000e+001,2.000000e+001,1.000000e+001,8.000000e+000,4.000000e+000,2.000000e+000,1.000000e+000,0,1.000000e+000,3.000000e+000,7.000000e+000,9.000000e+000,1.900000e+001,3.900000e+001,8.990000e+002,,2.110000e-006,1.877000e-006,4.817000e+000,4.817000e+000,2.640000e+001,2.640000e+001,2.632000e+001,2.632000e+001,4.202000e-002,4.202000e-002,1.503000e+000,1.503000e+000,1.340000e-006,1.340000e-006,8.026000e+002,8.026000e+002,,1.324000e-006,1.324000e-006,,2.169000e-006,1.937000e-006,0
64,7,2.000000e+000,9.000000e+002,4.000000e+001,2.000000e+001,1.000000e+001,8.000000e+000,4.000000e+000,2.000000e+000,1.000000e+000,1.000000e+000,0,2.000000e+000,6.000000e+000,8.000000e+000,1.800000e+001,3.800000e+001,8.980000e+002,,,,,,,,,,,,,,,,,,,,,,,,0
65,1,1.000000e+000,9.000000e+002,4.000000e+001,2.000000e+001,1.000000e+001,8.000000e+000,4.000000e+000,2.000000e+000,1.000000e+000,0,1.000000e+000,3.000000e+000,7.000000e+000,9.000000e+000,1.900000e+001,3.900000e+001,8.990000e+002,,1.385000e-006,2.508000e-006,4.790000e+000,4.790000e+000,2.648000e+001,2.648000e+001,2.642000e+001,2.642000e+001,4.107000e-002,4.107000e-002,1.484000e+000,1.484000e+000,7.115000e-007,7.115000e-007,7.949000e+002,7.949000e+002,,7.030000e-007,7.030000e-007,,1.399000e-006,2.579000e-006,0
66,7,2.000000e+000,9.000000e+002,4.000000e+001,2.000000e+001,1.000000e+001,8.000000e+000,4.000000e+000,2.000000e+000,1.000000e+000,1.000000e+000,0,2.000000e+000,6.000000e+000,8.000000e+000,1.800000e+001,3.800000e+001,8.980000e+002,,,,,,,,,,,,,,,,,,,,,,,,0
67,1,1.000000e+000,9.000000e+002,4.000000e+001,2.000000e+001,1.000000e+001,8.000000e+000,4.000000e+000,2.000000e+000,1.000000e+000,0,1.000000e+000,3.000000e+000,7.000000e+000,9.000000e+000,1.900000e+001,3.900000e+001,8.990000e+002,,1.685000e-006,1.429000e-006,4.750000e+000,4.750000e+000,2.653000e+001,2.653000e+001,2.647000e+001,2.647000e+001,4.180000e-002,4.180000e-002,1.496000e+000,1.496000e+000,3.479000e-006,3.479000e-006,7.730000e+002,7.730000e+002,,3.400000e-006,3.400000e-006,,1.687000e-006,1.439000e-006,0
68,7,2.000000e+000,9.000000e+002,4.000000e+001,2.000000e+001,1.000000e+001,8.000000e+000,4.000000e+000,2.000000e+000,1.000000e+000,1.000000e+000,0,2.000000e+000,6.000000e+000,8.000000e+000,1.800000e+001,3.800000e+001,8.980000e+002,,,,,,,,,,,,,,,,,,,,,,,,0
69,1,1.000000e+000,9.000000e+002,4.000000e+001,2.000000e+001,1.000000e+001,8.000000e+000,4.000000e+000,2.000000e+000,1.000000e+000,0,1.000000e+000,3.000000e+000,7.000000e+000,9.000000e+000,1.900000e+001,3.900000e+001,8.990000e+002,,1.320000e-006,1.369000e-006,4.709000e+000,4.709000e+000,2.644000e+001,2.644000e+001,2.634000e+001,2.634000e+001,4.167000e-002,4.167000e-002,1.495000e+000,1.495000e+000,2.367000e-006,2.367000e-006,7.702000e+002,7.702000e+002,,2.569000e-006,2.569000e-006,,1.336000e-006,1.385000e-006,0
70,7,2.000000e+000,9.000000e+002,4.000000e+001,2.000000e+001,1.000000e+001,8.000000e+000,4.000000e+000,2.000000e+000,1.000000e+000,1.000000e+000,0,2.000000e+000,6.000000e+000,8.000000e+000,1.800000e+001,3.800000e+001,8.980000e+002,,,,,,,,,,,,,,,,,,,,,,,,0
71,1,1.000000e+000,9.000000e+002,4.000000e+001,2.000000e+001,1.000000e+001,8.000000e+000,4.000000e+000,2.000000e+000,1.000000e+000,0,1.000000e+000,3.000000e+000,7.000000e+000,9.000000e+000,1.900000e+001,3.900000e+001,8.990000e+002,,1.366000e-006,1.320000e-006,4.690000e+000,4.690000e+000,2.632000e+001,2.632000e+001,2.642000e+001,2.642000e+001,4.300000e-002,4.300000e-002,1.501000e+000,1.501000e+000,2.071000e-006,2.071000e-006,8.009000e+002,8.009000e+002,,2.169000e-006,2.169000e-006,,1.376000e-006,1.330000e-006,0
72,7,2.000000e+000,9.000000e+002,4.000000e+001,2.000000e+001,1.000000e+001,8.000000e+000,4.000000e+000,2.000000e+000,1.000000e+000,1.000000e+000,0,2.000000e+000,6.000000e+000,8.000000e+000,1.800000e+001,3.800000e+001,8.980000e+002,,,,,,,,,,,,,,,,,,,,,,,,0
73,1,1.000000e+000,9.000000e+002,4.000000e+001,2.000000e+001,1.000000e+001,8.000000e+000,4.000000e+000,2.000000e+000,1.000000e+000,0,1.000000e+000,3.000000e+000,7.000000e+000,9.000000e+000,1.900000e+001,3.900000e+001,8.990000e+002,,1.360000e-006,1.415000e-006,4.681000e+000,4.681000e+000,2.648000e+001,2.648000e+001,2.649000e+001,2.649000e+001,4.265000e-002,4.265000e-002,1.495000e+000,1.495000e+000,2.699000e-006,2.699000e-006,7.820000e+002,7.820000e+002,,2.732000e-006,2.732000e-006,,1.385000e-006,1.427000e-006,0
74,7,2.000000e+000,9.000000e+002,4.000000e+001,2.000000e+001,1.000000e+001,8.000000e+000,4.000000e+000,2.000000e+000,1.000000e+000,1.000000e+000,0,2.000000e+000,6.000000e+000,8.000000e+000,1.800000e+001,3.800000e+001,8.980000e+002,,,,,,,,,,,,,,,,,,,,,,,,0
75,1,1.000000e+000,9.000000e+002,4.000000e+001,2.000000e+001,1.000000e+001,8.000000e+000,4.000000e+000,2.000000e+000,1.000000e+000,0,1.000000e+000,3.000000e+000,7.000000e+000,9.000000e+000,1.900000e+001,3.900000e+001,8.990000e+002,,2.227000e-006,1.820000e-006,4.784000e+000,4.784000e+000,2.636000e+001,2.636000e+001,2.623000e+001,2.623000e+001,4.312000e-002,4.312000e-002,1.505000e+000,1.505000e+000,7.269000e-007,7.269000e-007,8.187000e+002,8.187000e+002,,7.395000e-007,7.395000e-007,,2.280000e-006,1.872000e-006,0
76,7,2.000000e+000,9.000000e+002,4.000000e+001,2.000000e+001,1.000000e+001,8.000000e+000,4.000000e+000,2.000000e+000,1.000000e+000,1.000000e+000,0,2.000000e+000,6.000000e+000,8.000000e+000,1.800000e+001,3.800000e+001,8.980000e+002,,,,,,,,,,,,,,,,,,,,,,,,0
77,1,1.000000e+000,9.000000e+002,4.000000e+001,2.000000e+001,1.000000e+001,8.000000e+000,4.000000e+000,2.000000e+000,1.000000e+000,0,1.000000e+000,3.000000e+000,7.000000e+000,9.000000e+000,1.900000e+001,3.900000e+001,8.990000e+002,,1.456000e-006,1.525000e-006,4.774000e+000,4.774000e+000,2.635000e+001,2.635000e+001,2.629000e+001,2.629000e+001,4.322000e-002,4.322000e-002,1.508000e+000,1.508000e+000,2.932000e-006,2.932000e-006,8.176000e+002,8.176000e+002,,3.020000e-006,3.020000e-006,,1.469000e-006,1.546000e-006,0
78,7,2.000000e+000,9.000000e+002,4.000000e+001,2.000000e+001,1.000000e+001,8.000000e+000,4.000000e+000,2.000000e+000,1.000000e+000,1.000000e+000,0,2.000000e+000,6.000000e+000,8.000000e+000,1.800000e+001,3.800000e+001,8.980000e+002,,,,,,,,,,,,,,,,,,,,,,,,0
79,1,1.000000e+000,9.000000e+002,4.000000e+001,2.000000e+001,1.000000e+001,8.000000e+000,4.000000e+000,2.000000e+000,1.000000e+000,0,1.000000e+000,3.000000e+000,7.000000e+000,9.000000e+000,1.900000e+001,3.900000e+001,8.990000e+002,,1.878000e-006,1.485000e-006,4.778000e+000,4.778000e+000,2.636000e+001,2.636000e+001,2.649000e+001,2.649000e+001,4.325000e-002,4.325000e-002,1.506000e+000,1.506000e+000,2.605000e-006,2.605000e-006,8.215000e+002,8.215000e+002,,2.622000e-006,2.622000e-006,,1.945000e-006,1.511000e-006,0
80,1,1.000000e+000,9.000000e+002,4.000000e+001,2.000000e+001,1.000000e+001,8.000000e+000,4.000000e+000,2.000000e+000,1.000000e+000,0,1.000000e+000,3.000000e+000,7.000000e+000,9.000000e+000,1.900000e+001,3.900000e+001,8.990000e+002,,1.482000e-006,1.886000e-006,4.860000e+000,4.860000e+000,2.629000e+001,2.629000e+001,2.640000e+001,2.640000e+001,4.255000e-002,4.255000e-002,1.509000e+000,1.509000e+000,2.926000e-006,2.926000e-006,8.070000e+002,8.070000e+002,,2.896000e-006,2.896000e-006,,1.491000e-006,1.871000e-006,0
81,1,1.000000e+000,9.000000e+002,4.000000e+001,2.000000e+001,1.000000e+001,8.000000e+000,4.000000e+000,2.000000e+000,1.000000e+000,0,1.000000e+000,3.000000e+000,7.000000e+000,9.000000e+000,1.900000e+001,3.900000e+001,8.990000e+002,,1.711000e-006,1.570000e-006,4.768000e+000,4.768000e+000,2.633000e+001,2.633000e+001,2.639000e+001,2.639000e+001,4.172000e-002,4.172000e-002,1.504000e+000,1.504000e+000,3.055000e-006,3.055000e-006,7.899000e+002,7.899000e+002,,3.113000e-006,3.113000e-006,,1.749000e-006,1.590000e-006,0
82,1,1.000000e+000,9.000000e+002,4.000000e+001,2.000000e+001,1.000000e+001,8.000000e+000,4.000000e+000,2.000000e+000,1.000000e+000,0,1.000000e+000,3.000000e+000,7.000000e+000,9.000000e+000,1.900000e+001,3.900000e+001,8.990000e+002,,2.818000e-006,1.842000e-006,4.799000e+000,4.799000e+000,2.635000e+001,2.635000e+001,2.644000e+001,2.644000e+001,3.982000e-002,3.982000e-002,1.472000e+000,1.472000e+000,9.711000e-007,9.711000e-007,7.724000e+002,7.724000e+002,,9.768000e-007,9.768000e-007,,2.900000e-006,1.862000e-006,0
83,1,1.000000e+000,9.000000e+002,4.000000e+001,2.000000e+001,1.000000e+001,8.000000e+000,4.000000e+000,2.000000e+000,1.000000e+000,0,1.000000e+000,3.000000e+000,7.000000e+000,9.000000e+000,1.900000e+001,3.900000e+001,8.990000e+002,,1.388000e-006,1.435000e-006,4.708000e+000,4.708000e+000,2.653000e+001,2.653000e+001,2.627000e+001,2.627000e+001,4.290000e-002,4.290000e-002,1.503000e+000,1.503000e+000,2.545000e-006,2.545000e-006,8.166000e+002,8.166000e+002,,2.965000e-006,2.965000e-006,,1.405000e-006,1.465000e-006,0
84,1,1.000000e+000,9.000000e+002,4.000000e+001,2.000000e+001,1.000000e+001,8.000000e+000,4.000000e+000,2.000000e+000,1.000000e+000,0,1.000000e+000,3.000000e+000,7.000000e+000,9.000000e+000,1.900000e+001,3.900000e+001,8.990000e+002,,1.409000e-006,1.578000e-006,4.762000e+000,4.762000e+000,2.639000e+001,2.639000e+001,2.645000e+001,2.645000e+001,4.312000e-002,4.312000e-002,1.505000e+000,1.505000e+000,2.822000e-006,2.822000e-006,8.179000e+002,8.179000e+002,,2.946000e-006,2.946000e-006,,1.442000e-006,1.599000e-006,0
85,1,1.000000e+000,9.000000e+002,4.000000e+001,2.000000e+001,1.000000e+001,8.000000e+000,4.000000e+000,2.000000e+000,1.000000e+000,0,1.000000e+000,3.000000e+000,7.000000e+000,9.000000e+000,1.900000e+001,3.900000e+001,8.990000e+002,,1.447000e-006,1.606000e-006,4.808000e+000,4.808000e+000,2.651000e+001,2.651000e+001,2.629000e+001,2.629000e+001,4.140000e-002,4.140000e-002,1.498000e+000,1.498000e+000,2.871000e-006,2.871000e-006,7.884000e+002,7.884000e+002,,3.155000e-006,3.155000e-006,,1.486000e-006,1.637000e-006,0
86,7,2.000000e+000,9.000000e+002,4.000000e+001,2.000000e+001,1.000000e+001,8.000000e+000,4.000000e+000,2.000000e+000,1.000000e+000,1.000000e+000,0,2.000000e+000,6.000000e+000,8.000000e+000,1.800000e+001,3.800000e+001,8.980000e+002,,,,,,,,,,,,,,,,,,,,,,,,0
87,1,1.000000e+000,9.000000e+002,4.000000e+001,2.000000e+001,1.000000e+001,8.000000e+000,4.000000e+000,2.000000e+000,1.000000e+000,0,1.000000e+000,3.000000e+000,7.000000e+000,9.000000e+000,1.900000e+001,3.900000e+001,8.990000e+002,,1.852000e-006,1.909000e-006,4.758000e+000,4.758000e+000,2.589000e+001,2.589000e+001,2.597000e+001,2.597000e+001,4.397000e-002,4.397000e-002,1.531000e+000,1.531000e+000,3.019000e-006,3.019000e-006,7.764000e+002,7.764000e+002,,3.095000e-006,3.095000e-006,,1.839000e-006,1.931000e-006,0
88,7,2.000000e+000,9.000000e+002,4.000000e+001,2.000000e+001,1.000000e+001,8.000000e+000,4.000000e+000,2.000000e+000,1.000000e+000,1.000000e+000,0,2.000000e+000,6.000000e+000,8.000000e+000,1.800000e+001,3.800000e+001,8.980000e+002,,,,,,,,,,,,,,,,,,,,,,,,0
89,1,1.000000e+000,9.000000e+002,4.000000e+001,2.000000e+001,1.000000e+001,8.000000e+000,4.000000e+000,2.000000e+000,1.000000e+000,0,1.000000e+000,3.000000e+000,7.000000e+000,9.000000e+000,1.900000e+001,3.900000e+001,8.990000e+002,,1.946000e-006,1.922000e-006,4.799000e+000,4.799000e+000,2.593000e+001,2.593000e+001,2.604000e+001,2.604000e+001,4.680000e-002,4.680000e-002,1.546000e+000,1.546000e+000,2.797000e-006,2.797000e-006,8.342000e+002,8.342000e+002,,2.828000e-006,2.828000e-006,,1.960000e-006,1.937000e-006,0
90,1,1.000000e+000,9.000000e+002,4.000000e+001,2.000000e+001,1.000000e+001,8.000000e+000,4.000000e+000,2.000000e+000,1.000000e+000,0,1.000000e+000,3.000000e+000,7.000000e+000,9.000000e+000,1.900000e+001,3.900000e+001,8.990000e+002,,1.440000e-006,1.807000e-006,4.799000e+000,4.799000e+000,2.641000e+001,2.641000e+001,2.644000e+001,2.644000e+001,4.505000e-002,4.505000e-002,1.529000e+000,1.529000e+000,2.908000e-006,2.908000e-006,7.963000e+002,7.963000e+002,,2.919000e-006,2.919000e-006,,1.444000e-006,1.816000e-006,0
91,1,1.000000e+000,9.000000e+002,4.000000e+001,2.000000e+001,1.000000e+001,8.000000e+000,4.000000e+000,2.000000e+000,1.000000e+000,0,1.000000e+000,3.000000e+000,7.000000e+000,9.000000e+000,1.900000e+001,3.900000e+001,8.990000e+002,,1.455000e-006,1.574000e-006,4.828000e+000,4.828000e+000,2.631000e+001,2.631000e+001,2.644000e+001,2.644000e+001,4.555000e-002,4.555000e-002,1.536000e+000,1.536000e+000,3.183000e-006,3.183000e-006,8.022000e+002,8.022000e+002,,3.125000e-006,3.125000e-006,,1.466000e-006,1.599000e-006,0
92,1,1.000000e+000,9.000000e+002,4.000000e+001,2.000000e+001,1.000000e+001,8.000000e+000,4.000000e+000,2.000000e+000,1.000000e+000,0,1.000000e+000,3.000000e+000,7.000000e+000,9.000000e+000,1.900000e+001,3.900000e+001,8.990000e+002,,1.519000e-006,1.473000e-006,4.785000e+000,4.785000e+000,2.651000e+001,2.651000e+001,2.638000e+001,2.638000e+001,4.502000e-002,4.502000e-002,1.531000e+000,1.531000e+000,2.689000e-006,2.689000e-006,7.996000e+002,7.996000e+002,,2.683000e-006,2.683000e-006,,1.542000e-006,1.490000e-006,0
93,1,1.000000e+000,9.000000e+002,4.000000e+001,2.000000e+001,1.000000e+001,8.000000e+000,4.000000e+000,2.000000e+000,1.000000e+000,0,1.000000e+000,3.000000e+000,7.000000e+000,9.000000e+000,1.900000e+001,3.900000e+001,8.990000e+002,,1.329000e-006,1.247000e-006,4.620000e+000,4.620000e+000,2.640000e+001,2.640000e+001,2.651000e+001,2.651000e+001,4.530000e-002,4.530000e-002,1.532000e+000,1.532000e+000,3.020000e-006,3.020000e-006,7.991000e+002,7.991000e+002,,3.045000e-006,3.045000e-006,,1.345000e-006,1.257000e-006,0
94,1,1.000000e+000,9.000000e+002,4.000000e+001,2.000000e+001,1.000000e+001,8.000000e+000,4.000000e+000,2.000000e+000,1.000000e+000,0,1.000000e+000,3.000000e+000,7.000000e+000,9.000000e+000,1.900000e+001,3.900000e+001,8.990000e+002,,1.562000e-006,1.820000e-006,4.792000e+000,4.792000e+000,2.646000e+001,2.646000e+001,2.648000e+001,2.648000e+001,4.427000e-002,4.427000e-002,1.523000e+000,1.523000e+000,2.780000e-006,2.780000e-006,7.947000e+002,7.947000e+002,,2.791000e-006,2.791000e-006,,1.582000e-006,1.863000e-006,0
95,1,1.000000e+000,9.000000e+002,4.000000e+001,2.000000e+001,1.000000e+001,8.000000e+000,4.000000e+000,2.000000e+000,1.000000e+000,0,1.000000e+000,3.000000e+000,7.000000e+000,9.000000e+000,1.900000e+001,3.900000e+001,8.990000e+002,,1.769000e-006,1.830000e-006,4.979000e+000,4.979000e+000,2.588000e+001,2.588000e+001,2.605000e+001,2.605000e+001,4.175000e-002,4.175000e-002,1.497000e+000,1.497000e+000,3.830000e-006,3.830000e-006,7.979000e+002,7.979000e+002,,3.840000e-006,3.840000e-006,,1.780000e-006,1.853000e-006,0
96,7,2.000000e+000,9.000000e+002,4.000000e+001,2.000000e+001,1.000000e+001,8.000000e+000,4.000000e+000,2.000000e+000,1.000000e+000,1.000000e+000,0,2.000000e+000,6.000000e+000,8.000000e+000,1.800000e+001,3.800000e+001,8.980000e+002,,,,,,,,,,,,,,,,,,,,,,,,0
97,1,1.000000e+000,9.000000e+002,4.000000e+001,2.000000e+001,1.000000e+001,8.000000e+000,4.000000e+000,2.000000e+000,1.000000e+000,0,1.000000e+000,3.000000e+000,7.000000e+000,9.000000e+000,1.900000e+001,3.900000e+001,8.990000e+002,,2.007000e-006,1.530000e-006,4.799000e+000,4.799000e+000,2.630000e+001,2.630000e+001,2.644000e+001,2.644000e+001,4.147000e-002,4.147000e-002,1.489000e+000,1.489000e+000,6.110000e-007,6.110000e-007,7.966000e+002,7.966000e+002,,6.110000e-007,6.110000e-007,,2.030000e-006,1.558000e-006,0
98,7,2.000000e+000,9.000000e+002,4.000000e+001,2.000000e+001,1.000000e+001,8.000000e+000,4.000000e+000,2.000000e+000,1.000000e+000,1.000000e+000,0,2.000000e+000,6.000000e+000,8.000000e+000,1.800000e+001,3.800000e+001,8.980000e+002,,,,,,,,,,,,,,,,,,,,,,,,0
99,1,1.000000e+000,9.000000e+002,4.000000e+001,2.000000e+001,1.000000e+001,8.000000e+000,4.000000e+000,2.000000e+000,1.000000e+000,0,1.000000e+000,3.000000e+000,7.000000e+000,9.000000e+000,1.900000e+001,3.900000e+001,8.990000e+002,,1.555000e-006,2.143000e-006,4.787000e+000,4.787000e+000,2.647000e+001,2.647000e+001,2.642000e+001,2.642000e+001,4.425000e-002,4.425000e-002,1.516000e+000,1.516000e+000,6.646000e-007,6.646000e-007,8.227000e+002,8.227000e+002,,6.639000e-007,6.639000e-007,,1.549000e-006,2.119000e-006,0
100,1,1.000000e+000,9.000000e+002,4.000000e+001,2.000000e+001,1.000000e+001,8.000000e+000,4.000000e+000,2.000000e+000,1.000000e+000,0,1.000000e+000,3.000000e+000,7.000000e+000,9.000000e+000,1.900000e+001,3.900000e+001,8.990000e+002,,1.860000e-006,2.258000e-006,4.875000e+000,4.875000e+000,2.628000e+001,2.628000e+001,2.638000e+001,2.638000e+001,4.247000e-002,4.247000e-002,1.507000e+000,1.507000e+000,1.037000e-006,1.037000e-006,8.027000e+002,8.027000e+002,,1.028000e-006,1.028000e-006,,1.897000e-006,2.253000e-006,0
101,7,2.000000e+000,9.000000e+002,4.000000e+001,2.000000e+001,1.000000e+001,8.000000e+000,4.000000e+000,2.000000e+000,1.000000e+000,1.000000e+000,0,2.000000e+000,6.000000e+000,8.000000e+000,1.800000e+001,3.800000e+001,8.980000e+002,,,,,,,,,,,,,,,,,,,,,,,,0
102,1,1.000000e+000,9.000000e+002,4.000000e+001,2.000000e+001,1.000000e+001,8.000000e+000,4.000000e+000,2.000000e+000,1.000000e+000,0,1.000000e+000,3.000000e+000,7.000000e+000,9.000000e+000,1.900000e+001,3.900000e+001,8.990000e+002,,2.085000e-006,2.222000e-006,4.768000e+000,4.768000e+000,2.644000e+001,2.644000e+001,2.638000e+001,2.638000e+001,4.272000e-002,4.272000e-002,1.501000e+000,1.501000e+000,3.547000e-006,3.547000e-006,8.210000e+002,8.210000e+002,,3.389000e-006,3.389000e-006,,2.095000e-006,2.271000e-006,0
103,1,1.000000e+000,9.000000e+002,4.000000e+001,2.000000e+001,1.000000e+001,8.000000e+000,4.000000e+000,2.000000e+000,1.000000e+000,0,1.000000e+000,3.000000e+000,7.000000e+000,9.000000e+000,1.900000e+001,3.900000e+001,8.990000e+002,,1.444000e-006,2.609000e-006,4.768000e+000,4.768000e+000,2.649000e+001,2.649000e+001,2.635000e+001,2.635000e+001,4.307000e-002,4.307000e-002,1.504000e+000,1.504000e+000,5.850000e-007,5.850000e-007,8.185000e+002,8.185000e+002,,5.810000e-007,5.810000e-007,,1.463000e-006,2.646000e-006,0
104,1,1.000000e+000,9.000000e+002,4.000000e+001,2.000000e+001,1.000000e+001,8.000000e+000,4.000000e+000,2.000000e+000,1.000000e+000,0,1.000000e+000,3.000000e+000,7.000000e+000,9.000000e+000,1.900000e+001,3.900000e+001,8.990000e+002,,1.700000e-006,1.483000e-006,4.777000e+000,4.777000e+000,2.645000e+001,2.645000e+001,2.642000e+001,2.642000e+001,4.220000e-002,4.220000e-002,1.506000e+000,1.506000e+000,3.484000e-006,3.484000e-006,7.889000e+002,7.889000e+002,,3.529000e-006,3.529000e-006,,1.720000e-006,1.496000e-006,0
105,1,1.000000e+000,9.000000e+002,4.000000e+001,2.000000e+001,1.000000e+001,8.000000e+000,4.000000e+000,2.000000e+000,1.000000e+000,0,1.000000e+000,3.000000e+000,7.000000e+000,9.000000e+000,1.900000e+001,3.900000e+001,8.990000e+002,,1.470000e-006,1.516000e-006,4.778000e+000,4.778000e+000,2.644000e+001,2.644000e+001,2.630000e+001,2.630000e+001,4.245000e-002,4.245000e-002,1.493000e+000,1.493000e+000,4.338000e-006,4.338000e-006,7.951000e+002,7.951000e+002,,3.472000e-006,3.472000e-006,,1.476000e-006,1.527000e-006,0
106,7,2.000000e+000,9.000000e+002,4.000000e+001,2.000000e+001,1.000000e+001,8.000000e+000,4.000000e+000,2.000000e+000,1.000000e+000,1.000000e+000,0,2.000000e+000,6.000000e+000,8.000000e+000,1.800000e+001,3.800000e+001,8.980000e+002,,,,,,,,,,,,,,,,,,,,,,,,0
107,1,1.000000e+000,9.000000e+002,4.000000e+001,2.000000e+001,1.000000e+001,8.000000e+000,4.000000e+000,2.000000e+000,1.000000e+000,0,1.000000e+000,3.000000e+000,7.000000e+000,9.000000e+000,1.900000e+001,3.900000e+001,8.990000e+002,,1.219000e-006,2.120000e-006,4.662000e+000,4.662000e+000,2.654000e+001,2.654000e+001,2.643000e+001,2.643000e+001,4.507000e-002,4.507000e-002,1.513000e+000,1.513000e+000,5.402000e-007,5.402000e-007,8.200000e+002,8.200000e+002,,5.429000e-007,5.429000e-007,,1.235000e-006,2.125000e-006,0
108,1,1.000000e+000,9.000000e+002,4.000000e+001,2.000000e+001,1.000000e+001,8.000000e+000,4.000000e+000,2.000000e+000,1.000000e+000,0,1.000000e+000,3.000000e+000,7.000000e+000,9.000000e+000,1.900000e+001,3.900000e+001,8.990000e+002,,1.795000e-006,2.394000e-006,4.794000e+000,4.794000e+000,2.630000e+001,2.630000e+001,2.645000e+001,2.645000e+001,4.212000e-002,4.212000e-002,1.500000e+000,1.500000e+000,7.869000e-007,7.869000e-007,7.883000e+002,7.883000e+002,,7.840000e-007,7.840000e-007,,1.789000e-006,2.437000e-006,0
109,7,2.000000e+000,9.000000e+002,4.000000e+001,2.000000e+001,1.000000e+001,8.000000e+000,4.000000e+000,2.000000e+000,1.000000e+000,1.000000e+000,0,2.000000e+000,6.000000e+000,8.000000e+000,1.800000e+001,3.800000e+001,8.980000e+002,,,,,,,,,,,,,,,,,,,,,,,,0
110,1,1.000000e+000,9.000000e+002,4.000000e+001,2.000000e+001,1.000000e+001,8.000000e+000,4.000000e+000,2.000000e+000,1.000000e+000,0,1.000000e+000,3.000000e+000,7.000000e+000,9.000000e+000,1.900000e+001,3.900000e+001,8.990000e+002,,1.485000e-006,2.191000e-006,4.785000e+000,4.785000e+000,2.632000e+001,2.632000e+001,2.644000e+001,2.644000e+001,4.247000e-002,4.247000e-002,1.502000e+000,1.502000e+000,1.049000e-006,1.049000e-006,7.936000e+002,7.936000e+002,,1.074000e-006,1.074000e-006,,1.505000e-006,2.225000e-006,0
111,1,1.000000e+000,9.000000e+002,4.000000e+001,2.000000e+001,1.000000e+001,8.000000e+000,4.000000e+000,2.000000e+000,1.000000e+000,0,1.000000e+000,3.000000e+000,7.000000e+000,9.000000e+000,1.900000e+001,3.900000e+001,8.990000e+002,,1.445000e-006,1.647000e-006,4.782000e+000,4.782000e+000,2.644000e+001,2.644000e+001,2.645000e+001,2.645000e+001,4.237000e-002,4.237000e-002,1.494000e+000,1.494000e+000,2.765000e-006,2.765000e-006,8.048000e+002,8.048000e+002,,2.935000e-006,2.935000e-006,,1.460000e-006,1.674000e-006,0
112,1,1.000000e+000,9.000000e+002,4.000000e+001,2.000000e+001,1.000000e+001,8.000000e+000,4.000000e+000,2.000000e+000,1.000000e+000,0,1.000000e+000,3.000000e+000,7.000000e+000,9.000000e+000,1.900000e+001,3.900000e+001,8.990000e+002,,1.539000e-006,2.691000e-006,4.768000e+000,4.768000e+000,2.640000e+001,2.640000e+001,2.654000e+001,2.654000e+001,4.135000e-002,4.135000e-002,1.484000e+000,1.484000e+000,7.491000e-007,7.491000e-007,8.056000e+002,8.056000e+002,,7.396000e-007,7.396000e-007,,1.550000e-006,2.742000e-006,0
113,1,1.000000e+000,9.000000e+002,4.000000e+001,2.000000e+001,1.000000e+001,8.000000e+000,4.000000e+000,2.000000e+000,1.000000e+000,0,1.000000e+000,3.000000e+000,7.000000e+000,9.000000e+000,1.900000e+001,3.900000e+001,8.990000e+002,,1.629000e-006,2.819000e-006,4.753000e+000,4.753000e+000,2.628000e+001,2.628000e+001,2.630000e+001,2.630000e+001,4.135000e-002,4.135000e-002,1.485000e+000,1.485000e+000,5.950000e-007,5.950000e-007,8.089000e+002,8.089000e+002,,6.046000e-007,6.046000e-007,,1.670000e-006,2.905000e-006,0
114,1,1.000000e+000,9.000000e+002,4.000000e+001,2.000000e+001,1.000000e+001,8.000000e+000,4.000000e+000,2.000000e+000,1.000000e+000,0,1.000000e+000,3.000000e+000,7.000000e+000,9.000000e+000,1.900000e+001,3.900000e+001,8.990000e+002,,1.319000e-006,1.519000e-006,4.705000e+000,4.705000e+000,2.650000e+001,2.650000e+001,2.638000e+001,2.638000e+001,4.285000e-002,4.285000e-002,1.510000e+000,1.510000e+000,2.800000e-006,2.800000e-006,8.109000e+002,8.109000e+002,,2.738000e-006,2.738000e-006,,1.331000e-006,1.546000e-006,0
115,7,2.000000e+000,9.000000e+002,4.000000e+001,2.000000e+001,1.000000e+001,8.000000e+000,4.000000e+000,2.000000e+000,1.000000e+000,1.000000e+000,0,2.000000e+000,6.000000e+000,8.000000e+000,1.800000e+001,3.800000e+001,8.980000e+002,,,,,,,,,,,,,,,,,,,,,,,,0
116,1,1.000000e+000,9.000000e+002,4.000000e+001,2.000000e+001,1.000000e+001,8.000000e+000,4.000000e+000,2.000000e+000,1.000000e+000,0,1.000000e+000,3.000000e+000,7.000000e+000,9.000000e+000,1.900000e+001,3.900000e+001,8.990000e+002,,1.353000e-006,1.487000e-006,4.801000e+000,4.801000e+000,2.651000e+001,2.651000e+001,2.636000e+001,2.636000e+001,4.207000e-002,4.207000e-002,1.501000e+000,1.501000e+000,2.369000e-006,2.369000e-006,8.004000e+002,8.004000e+002,,2.371000e-006,2.371000e-006,,1.364000e-006,1.509000e-006,0
117,1,1.000000e+000,9.000000e+002,4.000000e+001,2.000000e+001,1.000000e+001,8.000000e+000,4.000000e+000,2.000000e+000,1.000000e+000,0,1.000000e+000,3.000000e+000,7.000000e+000,9.000000e+000,1.900000e+001,3.900000e+001,8.990000e+002,,2.118000e-006,1.570000e-006,4.784000e+000,4.784000e+000,2.645000e+001,2.645000e+001,2.639000e+001,2.639000e+001,4.000000e-002,4.000000e-002,1.460000e+000,1.460000e+000,1.113000e-006,1.113000e-006,7.595000e+002,7.595000e+002,,1.116000e-006,1.116000e-006,,2.166000e-006,1.595000e-006,0
118,7,2.000000e+000,9.000000e+002,4.000000e+001,2.000000e+001,1.000000e+001,8.000000e+000,4.000000e+000,2.000000e+000,1.000000e+000,1.000000e+000,0,2.000000e+000,6.000000e+000,8.000000e+000,1.800000e+001,3.800000e+001,8.980000e+002,,,,,,,,,,,,,,,,,,,,,,,,0
119,1,1.000000e+000,9.000000e+002,4.000000e+001,2.000000e+001,1.000000e+001,8.000000e+000,4.000000e+000,2.000000e+000,1.000000e+000,0,1.000000e+000,3.000000e+000,7.000000e+000,9.000000e+000,1.900000e+001,3.900000e+001,8.990000e+002,,2.020000e-006,1.983000e-006,4.827000e+000,4.827000e+000,2.587000e+001,2.587000e+001,2.597000e+001,2.597000e+001,4.642000e-002,4.642000e-002,1.543000e+000,1.543000e+000,8.205000e-007,8.205000e-007,8.274000e+002,8.274000e+002,,8.225000e-007,8.225000e-007,,2.038000e-006,2.009000e-006,0
120,1,1.000000e+000,9.000000e+002,4.000000e+001,2.000000e+001,1.000000e+001,8.000000e+000,4.000000e+000,2.000000e+000,1.000000e+000,0,1.000000e+000,3.000000e+000,7.000000e+000,9.000000e+000,1.900000e+001,3.900000e+001,8.990000e+002,,1.236000e-006,1.335000e-006,4.653000e+000,4.653000e+000,2.649000e+001,2.649000e+001,2.641000e+001,2.641000e+001,4.192000e-002,4.192000e-002,1.495000e+000,1.495000e+000,2.545000e-006,2.545000e-006,7.696000e+002,7.696000e+002,,2.458000e-006,2.458000e-006,,1.236000e-006,1.365000e-006,0
121,1,1.000000e+000,9.000000e+002,4.000000e+001,2.000000e+001,1.000000e+001,8.000000e+000,4.000000e+000,2.000000e+000,1.000000e+000,0,1.000000e+000,3.000000e+000,7.000000e+000,9.000000e+000,1.900000e+001,3.900000e+001,8.990000e+002,,1.458000e-006,1.515000e-006,4.796000e+000,4.796000e+000,2.629000e+001,2.629000e+001,2.639000e+001,2.639000e+001,4.247000e-002,4.247000e-002,1.493000e+000,1.493000e+000,2.175000e-006,2.175000e-006,8.087000e+002,8.087000e+002,,2.084000e-006,2.084000e-006,,1.478000e-006,1.535000e-006,0
122,7,2.000000e+000,9.000000e+002,4.000000e+001,2.000000e+001,1.000000e+001,8.000000e+000,4.000000e+000,2.000000e+000,1.000000e+000,1.000000e+000,0,2.000000e+000,6.000000e+000,8.000000e+000,1.800000e+001,3.800000e+001,8.980000e+002,,,,,,,,,,,,,,,,,,,,,,,,0
123,1,1.000000e+000,9.000000e+002,4.000000e+001,2.000000e+001,1.000000e+001,8.000000e+000,4.000000e+000,2.000000e+000,1.000000e+000,0,1.000000e+000,3.000000e+000,7.000000e+000,9.000000e+000,1.900000e+001,3.900000e+001,8.990000e+002,,1.439000e-006,1.531000e-006,4.801000e+000,4.801000e+000,2.632000e+001,2.632000e+001,2.637000e+001,2.637000e+001,4.072000e-002,4.072000e-002,1.475000e+000,1.475000e+000,2.499000e-006,2.499000e-006,7.944000e+002,7.944000e+002,,2.570000e-006,2.570000e-006,,1.448000e-006,1.549000e-006,0
124,1,1.000000e+000,9.000000e+002,4.000000e+001,2.000000e+001,1.000000e+001,8.000000e+000,4.000000e+000,2.000000e+000,1.000000e+000,0,1.000000e+000,3.000000e+000,7.000000e+000,9.000000e+000,1.900000e+001,3.900000e+001,8.990000e+002,,1.455000e-006,1.632000e-006,4.768000e+000,4.768000e+000,2.640000e+001,2.640000e+001,2.654000e+001,2.654000e+001,4.100000e-002,4.100000e-002,1.485000e+000,1.485000e+000,2.485000e-006,2.485000e-006,7.537000e+002,7.537000e+002,,2.480000e-006,2.480000e-006,,1.473000e-006,1.674000e-006,0
125,1,1.000000e+000,9.000000e+002,4.000000e+001,2.000000e+001,1.000000e+001,8.000000e+000,4.000000e+000,2.000000e+000,1.000000e+000,0,1.000000e+000,3.000000e+000,7.000000e+000,9.000000e+000,1.900000e+001,3.900000e+001,8.990000e+002,,1.504000e-006,1.405000e-006,4.798000e+000,4.798000e+000,2.636000e+001,2.636000e+001,2.637000e+001,2.637000e+001,4.307000e-002,4.307000e-002,1.501000e+000,1.501000e+000,2.469000e-006,2.469000e-006,8.186000e+002,8.186000e+002,,2.491000e-006,2.491000e-006,,1.509000e-006,1.434000e-006,0
126,1,1.000000e+000,9.000000e+002,4.000000e+001,2.000000e+001,1.000000e+001,8.000000e+000,4.000000e+000,2.000000e+000,1.000000e+000,0,1.000000e+000,3.000000e+000,7.000000e+000,9.000000e+000,1.900000e+001,3.900000e+001,8.990000e+002,,1.385000e-006,1.825000e-006,4.773000e+000,4.773000e+000,2.656000e+001,2.656000e+001,2.643000e+001,2.643000e+001,4.400000e-002,4.400000e-002,1.512000e+000,1.512000e+000,2.479000e-006,2.479000e-006,8.250000e+002,8.250000e+002,,2.464000e-006,2.464000e-006,,1.390000e-006,1.831000e-006,0
127,7,2.000000e+000,9.000000e+002,4.000000e+001,2.000000e+001,1.000000e+001,8.000000e+000,4.000000e+000,2.000000e+000,1.000000e+000,1.000000e+000,0,2.000000e+000,6.000000e+000,8.000000e+000,1.800000e+001,3.800000e+001,8.980000e+002,,,,,,,,,,,,,,,,,,,,,,,,0
128,1,1.000000e+000,9.000000e+002,4.000000e+001,2.000000e+001,1.000000e+001,8.000000e+000,4.000000e+000,2.000000e+000,1.000000e+000,0,1.000000e+000,3.000000e+000,7.000000e+000,9.000000e+000,1.900000e+001,3.900000e+001,8.990000e+002,,1.797000e-006,1.606000e-006,4.817000e+000,4.817000e+000,2.638000e+001,2.638000e+001,2.636000e+001,2.636000e+001,4.265000e-002,4.265000e-002,1.510000e+000,1.510000e+000,2.435000e-006,2.435000e-006,7.988000e+002,7.988000e+002,,2.456000e-006,2.456000e-006,,1.823000e-006,1.629000e-006,0
129,7,2.000000e+000,9.000000e+002,4.000000e+001,2.000000e+001,1.000000e+001,8.000000e+000,4.000000e+000,2.000000e+000,1.000000e+000,1.000000e+000,0,2.000000e+000,6.000000e+000,8.000000e+000,1.800000e+001,3.800000e+001,8.980000e+002,,,,,,,,,,,,,,,,,,,,,,,,0
130,1,1.000000e+000,9.000000e+002,4.000000e+001,2.000000e+001,1.000000e+001,8.000000e+000,4.000000e+000,2.000000e+000,1.000000e+000,0,1.000000e+000,3.000000e+000,7.000000e+000,9.000000e+000,1.900000e+001,3.900000e+001,8.990000e+002,,1.842000e-006,2.481000e-006,4.794000e+000,4.794000e+000,2.634000e+001,2.634000e+001,2.627000e+001,2.627000e+001,4.395000e-002,4.395000e-002,1.521000e+000,1.521000e+000,7.953000e-007,7.953000e-007,8.085000e+002,8.085000e+002,,7.935000e-007,7.935000e-007,,1.869000e-006,2.509000e-006,0
131,7,2.000000e+000,9.000000e+002,4.000000e+001,2.000000e+001,1.000000e+001,8.000000e+000,4.000000e+000,2.000000e+000,1.000000e+000,1.000000e+000,0,2.000000e+000,6.000000e+000,8.000000e+000,1.800000e+001,3.800000e+001,8.980000e+002,,,,,,,,,,,,,,,,,,,,,,,,0
132,1,1.000000e+000,9.000000e+002,4.000000e+001,2.000000e+001,1.000000e+001,8.000000e+000,4.000000e+000,2.000000e+000,1.000000e+000,0,1.000000e+000,3.000000e+000,7.000000e+000,9.000000e+000,1.900000e+001,3.900000e+001,8.990000e+002,,2.010000e-006,1.459000e-006,4.735000e+000,4.735000e+000,2.639000e+001,2.639000e+001,2.652000e+001,2.652000e+001,4.295000e-002,4.295000e-002,1.509000e+000,1.509000e+000,9.079000e-007,9.079000e-007,8.020000e+002,8.020000e+002,,9.585000e-007,9.585000e-007,,2.067000e-006,1.488000e-006,0
133,7,2.000000e+000,9.000000e+002,4.000000e+001,2.000000e+001,1.000000e+001,8.000000e+000,4.000000e+000,2.000000e+000,1.000000e+000,1.000000e+000,0,2.000000e+000,6.000000e+000,8.000000e+000,1.800000e+001,3.800000e+001,8.980000e+002,,,,,,,,,,,,,,,,,,,,,,,,0
134,1,1.000000e+000,9.000000e+002,4.000000e+001,2.000000e+001,1.000000e+001,8.000000e+000,4.000000e+000,2.000000e+000,1.000000e+000,0,1.000000e+000,3.000000e+000,7.000000e+000,9.000000e+000,1.900000e+001,3.900000e+001,8.990000e+002,,1.323000e-006,1.439000e-006,4.734000e+000,4.734000e+000,2.669000e+001,2.669000e+001,2.631000e+001,2.631000e+001,4.260000e-002,4.260000e-002,1.498000e+000,1.498000e+000,2.613000e-006,2.613000e-006,8.219000e+002,8.219000e+002,,2.696000e-006,2.696000e-006,,1.338000e-006,1.455000e-006,0
135,7,2.000000e+000,9.000000e+002,4.000000e+001,2.000000e+001,1.000000e+001,8.000000e+000,4.000000e+000,2.000000e+000,1.000000e+000,1.000000e+000,0,2.000000e+000,6.000000e+000,8.000000e+000,1.800000e+001,3.800000e+001,8.980000e+002,,,,,,,,,,,,,,,,,,,,,,,,0
136,1,1.000000e+000,9.000000e+002,4.000000e+001,2.000000e+001,1.000000e+001,8.000000e+000,4.000000e+000,2.000000e+000,1.000000e+000,0,1.000000e+000,3.000000e+000,7.000000e+000,9.000000e+000,1.900000e+001,3.900000e+001,8.990000e+002,,1.395000e-006,1.486000e-006,4.738000e+000,4.738000e+000,2.640000e+001,2.640000e+001,2.643000e+001,2.643000e+001,4.455000e-002,4.455000e-002,1.518000e+000,1.518000e+000,2.560000e-006,2.560000e-006,8.110000e+002,8.110000e+002,,2.695000e-006,2.695000e-006,,1.416000e-006,1.509000e-006,0
137,7,2.000000e+000,9.000000e+002,4.000000e+001,2.000000e+001,1.000000e+001,8.000000e+000,4.000000e+000,2.000000e+000,1.000000e+000,1.000000e+000,0,2.000000e+000,6.000000e+000,8.000000e+000,1.800000e+001,3.800000e+001,8.980000e+002,,,,,,,,,,,,,,,,,,,,,,,,0
138,1,1.000000e+000,9.000000e+002,4.000000e+001,2.000000e+001,1.000000e+001,8.000000e+000,4.000000e+000,2.000000e+000,1.000000e+000,0,1.000000e+000,3.000000e+000,7.000000e+000,9.000000e+000,1.900000e+001,3.900000e+001,8.990000e+002,,1.410000e-006,1.572000e-006,4.732000e+000,4.732000e+000,2.644000e+001,2.644000e+001,2.642000e+001,2.642000e+001,4.417000e-002,4.417000e-002,1.522000e+000,1.522000e+000,2.411000e-006,2.411000e-006,7.989000e+002,7.989000e+002,,2.650000e-006,2.650000e-006,,1.428000e-006,1.603000e-006,0
139,7,2.000000e+000,9.000000e+002,4.000000e+001,2.000000e+001,1.000000e+001,8.000000e+000,4.000000e+000,2.000000e+000,1.000000e+000,1.000000e+000,0,2.000000e+000,6.000000e+000,8.000000e+000,1.800000e+001,3.800000e+001,8.980000e+002,,,,,,,,,,,,,,,,,,,,,,,,0
140,1,1.000000e+000,9.000000e+002,4.000000e+001,2.000000e+001,1.000000e+001,8.000000e+000,4.000000e+000,2.000000e+000,1.000000e+000,0,1.000000e+000,3.000000e+000,7.000000e+000,9.000000e+000,1.900000e+001,3.900000e+001,8.990000e+002,,1.428000e-006,1.586000e-006,4.781000e+000,4.781000e+000,2.640000e+001,2.640000e+001,2.641000e+001,2.641000e+001,4.232000e-002,4.232000e-002,1.499000e+000,1.499000e+000,3.353000e-006,3.353000e-006,7.838000e+002,7.838000e+002,,3.469000e-006,3.469000e-006,,1.445000e-006,1.630000e-006,0
141,7,2.000000e+000,9.000000e+002,4.000000e+001,2.000000e+001,1.000000e+001,8.000000e+000,4.000000e+000,2.000000e+000,1.000000e+000,1.000000e+000,0,2.000000e+000,6.000000e+000,8.000000e+000,1.800000e+001,3.800000e+001,8.980000e+002,,,,,,,,,,,,,,,,,,,,,,,,0
142,1,1.000000e+000,9.000000e+002,4.000000e+001,2.000000e+001,1.000000e+001,8.000000e+000,4.000000e+000,2.000000e+000,1.000000e+000,0,1.000000e+000,3.000000e+000,7.000000e+000,9.000000e+000,1.900000e+001,3.900000e+001,8.990000e+002,,1.696000e-006,1.497000e-006,4.778000e+000,4.778000e+000,2.635000e+001,2.635000e+001,2.647000e+001,2.647000e+001,4.262000e-002,4.262000e-002,1.497000e+000,1.497000e+000,3.485000e-006,3.485000e-006,8.193000e+002,8.193000e+002,,3.469000e-006,3.469000e-006,,1.713000e-006,1.515000e-006,0
143,7,2.000000e+000,9.000000e+002,4.000000e+001,2.000000e+001,1.000000e+001,8.000000e+000,4.000000e+000,2.000000e+000,1.000000e+000,1.000000e+000,0,2.000000e+000,6.000000e+000,8.000000e+000,1.800000e+001,3.800000e+001,8.980000e+002,,,,,,,,,,,,,,,,,,,,,,,,0
144,1,1.000000e+000,9.000000e+002,4.000000e+001,2.000000e+001,1.000000e+001,8.000000e+000,4.000000e+000,2.000000e+000,1.000000e+000,0,1.000000e+000,3.000000e+000,7.000000e+000,9.000000e+000,1.900000e+001,3.900000e+001,8.990000e+002,,2.009000e-006,1.860000e-006,4.772000e+000,4.772000e+000,2.647000e+001,2.647000e+001,2.643000e+001,2.643000e+001,4.322000e-002,4.322000e-002,1.509000e+000,1.509000e+000,3.374000e-006,3.374000e-006,8.201000e+002,8.201000e+002,,3.491000e-006,3.491000e-006,,2.055000e-006,1.882000e-006,0
145,7,2.000000e+000,9.000000e+002,4.000000e+001,2.000000e+001,1.000000e+001,8.000000e+000,4.000000e+000,2.000000e+000,1.000000e+000,1.000000e+000,0,2.000000e+000,6.000000e+000,8.000000e+000,1.800000e+001,3.800000e+001,8.980000e+002,,,,,,,,,,,,,,,,,,,,,,,,0
146,1,1.000000e+000,9.000000e+002,4.000000e+001,2.000000e+001,1.000000e+001,8.000000e+000,4.000000e+000,2.000000e+000,1.000000e+000,0,1.000000e+000,3.000000e+000,7.000000e+000,9.000000e+000,1.900000e+001,3.900000e+001,8.990000e+002,,1.624000e-006,2.496000e-006,4.805000e+000,4.805000e+000,2.627000e+001,2.627000e+001,2.645000e+001,2.645000e+001,4.222000e-002,4.222000e-002,1.502000e+000,1.502000e+000,1.060000e-006,1.060000e-006,7.895000e+002,7.895000e+002,,1.076000e-006,1.076000e-006,,1.612000e-006,2.549000e-006,0
147,7,2.000000e+000,9.000000e+002,4.000000e+001,2.000000e+001,1.000000e+001,8.000000e+000,4.000000e+000,2.000000e+000,1.000000e+000,1.000000e+000,0,2.000000e+000,6.000000e+000,8.000000e+000,1.800000e+001,3.800000e+001,8.980000e+002,,,,,,,,,,,,,,,,,,,,,,,,0
148,1,1.000000e+000,9.000000e+002,4.000000e+001,2.000000e+001,1.000000e+001,8.000000e+000,4.000000e+000,2.000000e+000,1.000000e+000,0,1.000000e+000,3.000000e+000,7.000000e+000,9.000000e+000,1.900000e+001,3.900000e+001,8.990000e+002,,1.559000e-006,1.517000e-006,4.672000e+000,4.672000e+000,2.636000e+001,2.636000e+001,2.639000e+001,2.639000e+001,4.352000e-002,4.352000e-002,1.504000e+000,1.504000e+000,2.699000e-006,2.699000e-006,8.266000e+002,8.266000e+002,,2.695000e-006,2.695000e-006,,1.577000e-006,1.539000e-006,0
149,7,2.000000e+000,9.000000e+002,4.000000e+001,2.000000e+001,1.000000e+001,8.000000e+000,4.000000e+000,2.000000e+000,1.000000e+000,1.000000e+000,0,2.000000e+000,6.000000e+000,8.000000e+000,1.800000e+001,3.800000e+001,8.980000e+002,,,,,,,,,,,,,,,,,,,,,,,,0
150,1,1.000000e+000,9.000000e+002,4.000000e+001,2.000000e+001,1.000000e+001,8.000000e+000,4.000000e+000,2.000000e+000,1.000000e+000,0,1.000000e+000,3.000000e+000,7.000000e+000,9.000000e+000,1.900000e+001,3.900000e+001,8.990000e+002,,1.517000e-006,2.170000e-006,4.783000e+000,4.783000e+000,2.630000e+001,2.630000e+001,2.639000e+001,2.639000e+001,4.297000e-002,4.297000e-002,1.499000e+000,1.499000e+000,2.871000e-006,2.871000e-006,7.927000e+002,7.927000e+002,,2.895000e-006,2.895000e-006,,1.537000e-006,2.219000e-006,0
151,7,2.000000e+000,9.000000e+002,4.000000e+001,2.000000e+001,1.000000e+001,8.000000e+000,4.000000e+000,2.000000e+000,1.000000e+000,1.000000e+000,0,2.000000e+000,6.000000e+000,8.000000e+000,1.800000e+001,3.800000e+001,8.980000e+002,,,,,,,,,,,,,,,,,,,,,,,,0
152,1,1.000000e+000,9.000000e+002,4.000000e+001,2.000000e+001,1.000000e+001,8.000000e+000,4.000000e+000,2.000000e+000,1.000000e+000,0,1.000000e+000,3.000000e+000,7.000000e+000,9.000000e+000,1.900000e+001,3.900000e+001,8.990000e+002,,1.415000e-006,1.459000e-006,4.808000e+000,4.808000e+000,2.639000e+001,2.639000e+001,2.651000e+001,2.651000e+001,4.302000e-002,4.302000e-002,1.499000e+000,1.499000e+000,2.338000e-006,2.338000e-006,8.032000e+002,8.032000e+002,,2.225000e-006,2.225000e-006,,1.440000e-006,1.485000e-006,0
153,7,2.000000e+000,9.000000e+002,4.000000e+001,2.000000e+001,1.000000e+001,8.000000e+000,4.000000e+000,2.000000e+000,1.000000e+000,1.000000e+000,0,2.000000e+000,6.000000e+000,8.000000e+000,1.800000e+001,3.800000e+001,8.980000e+002,,,,,,,,,,,,,,,,,,,,,,,,0
154,1,1.000000e+000,9.000000e+002,4.000000e+001,2.000000e+001,1.000000e+001,8.000000e+000,4.000000e+000,2.000000e+000,1.000000e+000,0,1.000000e+000,3.000000e+000,7.000000e+000,9.000000e+000,1.900000e+001,3.900000e+001,8.990000e+002,,1.257000e-006,1.313000e-006,4.658000e+000,4.658000e+000,2.639000e+001,2.639000e+001,2.638000e+001,2.638000e+001,4.230000e-002,4.230000e-002,1.505000e+000,1.505000e+000,4.966000e-006,4.966000e-006,7.912000e+002,7.912000e+002,,4.985000e-006,4.985000e-006,,1.267000e-006,1.336000e-006,0
155,7,2.000000e+000,9.000000e+002,4.000000e+001,2.000000e+001,1.000000e+001,8.000000e+000,4.000000e+000,2.000000e+000,1.000000e+000,1.000000e+000,0,2.000000e+000,6.000000e+000,8.000000e+000,1.800000e+001,3.800000e+001,8.980000e+002,,,,,,,,,,,,,,,,,,,,,,,,0
156,1,1.000000e+000,9.000000e+002,4.000000e+001,2.000000e+001,1.000000e+001,8.000000e+000,4.000000e+000,2.000000e+000,1.000000e+000,0,1.000000e+000,3.000000e+000,7.000000e+000,9.000000e+000,1.900000e+001,3.900000e+001,8.990000e+002,,1.227000e-006,1.471000e-006,4.617000e+000,4.617000e+000,2.642000e+001,2.642000e+001,2.638000e+001,2.638000e+001,4.255000e-002,4.255000e-002,1.493000e+000,1.493000e+000,3.040000e-006,3.040000e-006,7.880000e+002,7.880000e+002,,3.080000e-006,3.080000e-006,,1.233000e-006,1.487000e-006,0
157,7,2.000000e+000,9.000000e+002,4.000000e+001,2.000000e+001,1.000000e+001,8.000000e+000,4.000000e+000,2.000000e+000,1.000000e+000,1.000000e+000,0,2.000000e+000,6.000000e+000,8.000000e+000,1.800000e+001,3.800000e+001,8.980000e+002,,,,,,,,,,,,,,,,,,,,,,,,0
158,1,1.000000e+000,9.000000e+002,4.000000e+001,2.000000e+001,1.000000e+001,8.000000e+000,4.000000e+000,2.000000e+000,1.000000e+000,0,1.000000e+000,3.000000e+000,7.000000e+000,9.000000e+000,1.900000e+001,3.900000e+001,8.990000e+002,,1.947000e-006,2.391000e-006,4.771000e+000,4.771000e+000,2.636000e+001,2.636000e+001,2.629000e+001,2.629000e+001,4.277000e-002,4.277000e-002,1.511000e+000,1.511000e+000,5.901000e-007,5.901000e-007,8.129000e+002,8.129000e+002,,5.910000e-007,5.910000e-007,,1.960000e-006,2.472000e-006,0
159,7,2.000000e+000,9.000000e+002,4.000000e+001,2.000000e+001,1.000000e+001,8.000000e+000,4.000000e+000,2.000000e+000,1.000000e+000,1.000000e+000,0,2.000000e+000,6.000000e+000,8.000000e+000,1.800000e+001,3.800000e+001,8.980000e+002,,,,,,,,,,,,,,,,,,,,,,,,0
160,1,1.000000e+000,9.000000e+002,4.000000e+001,2.000000e+001,1.000000e+001,8.000000e+000,4.000000e+000,2.000000e+000,1.000000e+000,0,1.000000e+000,3.000000e+000,7.000000e+000,9.000000e+000,1.900000e+001,3.900000e+001,8.990000e+002,,1.325000e-006,1.391000e-006,4.683000e+000,4.683000e+000,2.637000e+001,2.637000e+001,2.640000e+001,2.640000e+001,4.117000e-002,4.117000e-002,1.486000e+000,1.486000e+000,2.533000e-006,2.533000e-006,7.503000e+002,7.503000e+002,,2.559000e-006,2.559000e-006,,1.340000e-006,1.407000e-006,0
161,7,2.000000e+000,9.000000e+002,4.000000e+001,2.000000e+001,1.000000e+001,8.000000e+000,4.000000e+000,2.000000e+000,1.000000e+000,1.000000e+000,0,2.000000e+000,6.000000e+000,8.000000e+000,1.800000e+001,3.800000e+001,8.980000e+002,,,,,,,,,,,,,,,,,,,,,,,,0
162,1,1.000000e+000,9.000000e+002,4.000000e+001,2.000000e+001,1.000000e+001,8.000000e+000,4.000000e+000,2.000000e+000,1.000000e+000,0,1.000000e+000,3.000000e+000,7.000000e+000,9.000000e+000,1.900000e+001,3.900000e+001,8.990000e+002,,1.638000e-006,1.758000e-006,4.780000e+000,4.780000e+000,2.639000e+001,2.639000e+001,2.639000e+001,2.639000e+001,4.200000e-002,4.200000e-002,1.499000e+000,1.499000e+000,4.005000e-006,4.005000e-006,7.991000e+002,7.991000e+002,,4.145000e-006,4.145000e-006,,1.656000e-006,1.773000e-006,0
163,7,2.000000e+000,9.000000e+002,4.000000e+001,2.000000e+001,1.000000e+001,8.000000e+000,4.000000e+000,2.000000e+000,1.000000e+000,1.000000e+000,0,2.000000e+000,6.000000e+000,8.000000e+000,1.800000e+001,3.800000e+001,8.980000e+002,,,,,,,,,,,,,,,,,,,,,,,,0
164,1,1.000000e+000,9.000000e+002,4.000000e+001,2.000000e+001,1.000000e+001,8.000000e+000,4.000000e+000,2.000000e+000,1.000000e+000,0,1.000000e+000,3.000000e+000,7.000000e+000,9.000000e+000,1.900000e+001,3.900000e+001,8.990000e+002,,1.449000e-006,2.187000e-006,4.799000e+000,4.799000e+000,2.639000e+001,2.639000e+001,2.637000e+001,2.637000e+001,4.110000e-002,4.110000e-002,1.486000e+000,1.486000e+000,8.664000e-007,8.664000e-007,7.984000e+002,7.984000e+002,,8.719000e-007,8.719000e-007,,1.486000e-006,2.200000e-006,0
165,7,2.000000e+000,9.000000e+002,4.000000e+001,2.000000e+001,1.000000e+001,8.000000e+000,4.000000e+000,2.000000e+000,1.000000e+000,1.000000e+000,0,2.000000e+000,6.000000e+000,8.000000e+000,1.800000e+001,3.800000e+001,8.980000e+002,,,,,,,,,,,,,,,,,,,,,,,,0
166,1,1.000000e+000,9.000000e+002,4.000000e+001,2.000000e+001,1.000000e+001,8.000000e+000,4.000000e+000,2.000000e+000,1.000000e+000,0,1.000000e+000,3.000000e+000,7.000000e+000,9.000000e+000,1.900000e+001,3.900000e+001,8.990000e+002,,1.600000e-006,1.519000e-006,4.793000e+000,4.793000e+000,2.623000e+001,2.623000e+001,2.634000e+001,2.634000e+001,4.135000e-002,4.135000e-002,1.488000e+000,1.488000e+000,3.127000e-006,3.127000e-006,8.027000e+002,8.027000e+002,,3.265000e-006,3.265000e-006,,1.599000e-006,1.525000e-006,0
167,7,2.000000e+000,9.000000e+002,4.000000e+001,2.000000e+001,1.000000e+001,8.000000e+000,4.000000e+000,2.000000e+000,1.000000e+000,1.000000e+000,0,2.000000e+000,6.000000e+000,8.000000e+000,1.800000e+001,3.800000e+001,8.980000e+002,,,,,,,,,,,,,,,,,,,,,,,,0
168,1,1.000000e+000,9.000000e+002,4.000000e+001,2.000000e+001,1.000000e+001,8.000000e+000,4.000000e+000,2.000000e+000,1.000000e+000,0,1.000000e+000,3.000000e+000,7.000000e+000,9.000000e+000,1.900000e+001,3.900000e+001,8.990000e+002,,1.456000e-006,1.457000e-006,4.750000e+000,4.750000e+000,2.632000e+001,2.632000e+001,2.646000e+001,2.646000e+001,4.235000e-002,4.235000e-002,1.503000e+000,1.503000e+000,3.142000e-006,3.142000e-006,7.963000e+002,7.963000e+002,,3.229000e-006,3.229000e-006,,1.475000e-006,1.475000e-006,0
169,7,2.000000e+000,9.000000e+002,4.000000e+001,2.000000e+001,1.000000e+001,8.000000e+000,4.000000e+000,2.000000e+000,1.000000e+000,1.000000e+000,0,2.000000e+000,6.000000e+000,8.000000e+000,1.800000e+001,3.800000e+001,8.980000e+002,,,,,,,,,,,,,,,,,,,,,,,,0
170,1,1.000000e+000,9.000000e+002,4.000000e+001,2.000000e+001,1.000000e+001,8.000000e+000,4.000000e+000,2.000000e+000,1.000000e+000,0,1.000000e+000,3.000000e+000,7.000000e+000,9.000000e+000,1.900000e+001,3.900000e+001,8.990000e+002,,1.771000e-006,2.296000e-006,4.789000e+000,4.789000e+000,2.650000e+001,2.650000e+001,2.640000e+001,2.640000e+001,4.452000e-002,4.452000e-002,1.512000e+000,1.512000e+000,6.499000e-007,6.499000e-007,8.099000e+002,8.099000e+002,,6.702000e-007,6.702000e-007,,1.797000e-006,2.349000e-006,0
171,7,2.000000e+000,9.000000e+002,4.000000e+001,2.000000e+001,1.000000e+001,8.000000e+000,4.000000e+000,2.000000e+000,1.000000e+000,1.000000e+000,0,2.000000e+000,6.000000e+000,8.000000e+000,1.800000e+001,3.800000e+001,8.980000e+002,,,,,,,,,,,,,,,,,,,,,,,,0
172,1,1.000000e+000,9.000000e+002,4.000000e+001,2.000000e+001,1.000000e+001,8.000000e+000,4.000000e+000,2.000000e+000,1.000000e+000,0,1.000000e+000,3.000000e+000,7.000000e+000,9.000000e+000,1.900000e+001,3.900000e+001,8.990000e+002,,1.183000e-006,1.320000e-006,4.619000e+000,4.619000e+000,2.650000e+001,2.650000e+001,2.645000e+001,2.645000e+001,4.177000e-002,4.177000e-002,1.497000e+000,1.497000e+000,3.160000e-006,3.160000e-006,7.902000e+002,7.902000e+002,,3.369000e-006,3.369000e-006,,1.206000e-006,1.332000e-006,0
173,7,2.000000e+000,9.000000e+002,4.000000e+001,2.000000e+001,1.000000e+001,8.000000e+000,4.000000e+000,2.000000e+000,1.000000e+000,1.000000e+000,0,2.000000e+000,6.000000e+000,8.000000e+000,1.800000e+001,3.800000e+001,8.980000e+002,,,,,,,,,,,,,,,,,,,,,,,,0
174,1,1.000000e+000,9.000000e+002,4.000000e+001,2.000000e+001,1.000000e+001,8.000000e+000,4.000000e+000,2.000000e+000,1.000000e+000,0,1.000000e+000,3.000000e+000,7.000000e+000,9.000000e+000,1.900000e+001,3.900000e+001,8.990000e+002,,1.563000e-006,2.221000e-006,4.747000e+000,4.747000e+000,2.638000e+001,2.638000e+001,2.637000e+001,2.637000e+001,4.617000e-002,4.617000e-002,1.539000e+000,1.539000e+000,1.751000e-006,1.751000e-006,8.095000e+002,8.095000e+002,,1.800000e-006,1.800000e-006,,1.579000e-006,2.292000e-006,0
175,7,2.000000e+000,9.000000e+002,4.000000e+001,2.000000e+001,1.000000e+001,8.000000e+000,4.000000e+000,2.000000e+000,1.000000e+000,1.000000e+000,0,2.000000e+000,6.000000e+000,8.000000e+000,1.800000e+001,3.800000e+001,8.980000e+002,,,,,,,,,,,,,,,,,,,,,,,,0
176,1,1.000000e+000,9.000000e+002,4.000000e+001,2.000000e+001,1.000000e+001,8.000000e+000,4.000000e+000,2.000000e+000,1.000000e+000,0,1.000000e+000,3.000000e+000,7.000000e+000,9.000000e+000,1.900000e+001,3.900000e+001,8.990000e+002,,1.475000e-006,1.575000e-006,4.775000e+000,4.775000e+000,2.650000e+001,2.650000e+001,2.637000e+001,2.637000e+001,4.205000e-002,4.205000e-002,1.489000e+000,1.489000e+000,2.566000e-006,2.566000e-006,8.172000e+002,8.172000e+002,,2.490000e-006,2.490000e-006,,1.490000e-006,1.597000e-006,0
177,7,2.000000e+000,9.000000e+002,4.000000e+001,2.000000e+001,1.000000e+001,8.000000e+000,4.000000e+000,2.000000e+000,1.000000e+000,1.000000e+000,0,2.000000e+000,6.000000e+000,8.000000e+000,1.800000e+001,3.800000e+001,8.980000e+002,,,,,,,,,,,,,,,,,,,,,,,,0
178,1,1.000000e+000,9.000000e+002,4.000000e+001,2.000000e+001,1.000000e+001,8.000000e+000,4.000000e+000,2.000000e+000,1.000000e+000,0,1.000000e+000,3.000000e+000,7.000000e+000,9.000000e+000,1.900000e+001,3.900000e+001,8.990000e+002,,1.827000e-006,1.711000e-006,4.780000e+000,4.780000e+000,2.649000e+001,2.649000e+001,2.636000e+001,2.636000e+001,4.175000e-002,4.175000e-002,1.485000e+000,1.485000e+000,2.587000e-006,2.587000e-006,8.192000e+002,8.192000e+002,,2.560000e-006,2.560000e-006,,1.849000e-006,1.723000e-006,0
179,7,2.000000e+000,9.000000e+002,4.000000e+001,2.000000e+001,1.000000e+001,8.000000e+000,4.000000e+000,2.000000e+000,1.000000e+000,1.000000e+000,0,2.000000e+000,6.000000e+000,8.000000e+000,1.800000e+001,3.800000e+001,8.980000e+002,,,,,,,,,,,,,,,,,,,,,,,,0
180,1,1.000000e+000,9.000000e+002,4.000000e+001,2.000000e+001,1.000000e+001,8.000000e+000,4.000000e+000,2.000000e+000,1.000000e+000,0,1.000000e+000,3.000000e+000,7.000000e+000,9.000000e+000,1.900000e+001,3.900000e+001,8.990000e+002,,2.345000e-006,1.523000e-006,4.789000e+000,4.789000e+000,2.642000e+001,2.642000e+001,2.645000e+001,2.645000e+001,4.172000e-002,4.172000e-002,1.499000e+000,1.499000e+000,1.263000e-006,1.263000e-006,7.889000e+002,7.889000e+002,,1.285000e-006,1.285000e-006,,2.398000e-006,1.559000e-006,0
181,7,2.000000e+000,9.000000e+002,4.000000e+001,2.000000e+001,1.000000e+001,8.000000e+000,4.000000e+000,2.000000e+000,1.000000e+000,1.000000e+000,0,2.000000e+000,6.000000e+000,8.000000e+000,1.800000e+001,3.800000e+001,8.980000e+002,,,,,,,,,,,,,,,,,,,,,,,,0
182,1,1.000000e+000,9.000000e+002,4.000000e+001,2.000000e+001,1.000000e+001,8.000000e+000,4.000000e+000,2.000000e+000,1.000000e+000,0,1.000000e+000,3.000000e+000,7.000000e+000,9.000000e+000,1.900000e+001,3.900000e+001,8.990000e+002,,1.567000e-006,2.531000e-006,4.793000e+000,4.793000e+000,2.635000e+001,2.635000e+001,2.639000e+001,2.639000e+001,4.210000e-002,4.210000e-002,1.507000e+000,1.507000e+000,1.571000e-006,1.571000e-006,7.892000e+002,7.892000e+002,,1.570000e-006,1.570000e-006,,1.623000e-006,2.549000e-006,0
183,7,2.000000e+000,9.000000e+002,4.000000e+001,2.000000e+001,1.000000e+001,8.000000e+000,4.000000e+000,2.000000e+000,1.000000e+000,1.000000e+000,0,2.000000e+000,6.000000e+000,8.000000e+000,1.800000e+001,3.800000e+001,8.980000e+002,,,,,,,,,,,,,,,,,,,,,,,,0
184,1,1.000000e+000,9.000000e+002,4.000000e+001,2.000000e+001,1.000000e+001,8.000000e+000,4.000000e+000,2.000000e+000,1.000000e+000,0,1.000000e+000,3.000000e+000,7.000000e+000,9.000000e+000,1.900000e+001,3.900000e+001,8.990000e+002,,2.340000e-006,1.755000e-006,4.796000e+000,4.796000e+000,2.631000e+001,2.631000e+001,2.647000e+001,2.647000e+001,4.012000e-002,4.012000e-002,1.468000e+000,1.468000e+000,1.039000e-006,1.039000e-006,7.618000e+002,7.618000e+002,,1.037000e-006,1.037000e-006,,2.345000e-006,1.762000e-006,0
185,7,2.000000e+000,9.000000e+002,4.000000e+001,2.000000e+001,1.000000e+001,8.000000e+000,4.000000e+000,2.000000e+000,1.000000e+000,1.000000e+000,0,2.000000e+000,6.000000e+000,8.000000e+000,1.800000e+001,3.800000e+001,8.980000e+002,,,,,,,,,,,,,,,,,,,,,,,,0
186,1,1.000000e+000,9.000000e+002,4.000000e+001,2.000000e+001,1.000000e+001,8.000000e+000,4.000000e+000,2.000000e+000,1.000000e+000,0,1.000000e+000,3.000000e+000,7.000000e+000,9.000000e+000,1.900000e+001,3.900000e+001,8.990000e+002,,1.367000e-006,1.517000e-006,4.704000e+000,4.704000e+000,2.640000e+001,2.640000e+001,2.650000e+001,2.650000e+001,4.275000e-002,4.275000e-002,1.506000e+000,1.506000e+000,2.770000e-006,2.770000e-006,7.950000e+002,7.950000e+002,,2.780000e-006,2.780000e-006,,1.367000e-006,1.525000e-006,0
187,7,2.000000e+000,9.000000e+002,4.000000e+001,2.000000e+001,1.000000e+001,8.000000e+000,4.000000e+000,2.000000e+000,1.000000e+000,1.000000e+000,0,2.000000e+000,6.000000e+000,8.000000e+000,1.800000e+001,3.800000e+001,8.980000e+002,,,,,,,,,,,,,,,,,,,,,,,,0
188,1,1.000000e+000,9.000000e+002,4.000000e+001,2.000000e+001,1.000000e+001,8.000000e+000,4.000000e+000,2.000000e+000,1.000000e+000,0,1.000000e+000,3.000000e+000,7.000000e+000,9.000000e+000,1.900000e+001,3.900000e+001,8.990000e+002,,1.385000e-006,2.172000e-006,4.794000e+000,4.794000e+000,2.635000e+001,2.635000e+001,2.622000e+001,2.622000e+001,4.385000e-002,4.385000e-002,1.513000e+000,1.513000e+000,1.427000e-006,1.427000e-006,8.232000e+002,8.232000e+002,,1.550000e-006,1.550000e-006,,1.415000e-006,2.213000e-006,0
189,7,2.000000e+000,9.000000e+002,4.000000e+001,2.000000e+001,1.000000e+001,8.000000e+000,4.000000e+000,2.000000e+000,1.000000e+000,1.000000e+000,0,2.000000e+000,6.000000e+000,8.000000e+000,1.800000e+001,3.800000e+001,8.980000e+002,,,,,,,,,,,,,,,,,,,,,,,,0
190,1,1.000000e+000,9.000000e+002,4.000000e+001,2.000000e+001,1.000000e+001,8.000000e+000,4.000000e+000,2.000000e+000,1.000000e+000,0,1.000000e+000,3.000000e+000,7.000000e+000,9.000000e+000,1.900000e+001,3.900000e+001,8.990000e+002,,1.422000e-006,1.522000e-006,4.741000e+000,4.741000e+000,2.640000e+001,2.640000e+001,2.642000e+001,2.642000e+001,4.225000e-002,4.225000e-002,1.503000e+000,1.503000e+000,2.779000e-006,2.779000e-006,8.009000e+002,8.009000e+002,,2.777000e-006,2.777000e-006,,1.432000e-006,1.527000e-006,0
191,7,2.000000e+000,9.000000e+002,4.000000e+001,2.000000e+001,1.000000e+001,8.000000e+000,4.000000e+000,2.000000e+000,1.000000e+000,1.000000e+000,0,2.000000e+000,6.000000e+000,8.000000e+000,1.800000e+001,3.800000e+001,8.980000e+002,,,,,,,,,,,,,,,,,,,,,,,,0
192,1,1.000000e+000,9.000000e+002,4.000000e+001,2.000000e+001,1.000000e+001,8.000000e+000,4.000000e+000,2.000000e+000,1.000000e+000,0,1.000000e+000,3.000000e+000,7.000000e+000,9.000000e+000,1.900000e+001,3.900000e+001,8.990000e+002,,1.451000e-006,2.299000e-006,4.776000e+000,4.776000e+000,2.639000e+001,2.639000e+001,2.638000e+001,2.638000e+001,4.147000e-002,4.147000e-002,1.483000e+000,1.483000e+000,1.421000e-006,1.421000e-006,8.082000e+002,8.082000e+002,,1.428000e-006,1.428000e-006,,1.470000e-006,2.355000e-006,0
193,7,2.000000e+000,9.000000e+002,4.000000e+001,2.000000e+001,1.000000e+001,8.000000e+000,4.000000e+000,2.000000e+000,1.000000e+000,1.000000e+000,0,2.000000e+000,6.000000e+000,8.000000e+000,1.800000e+001,3.800000e+001,8.980000e+002,,,,,,,,,,,,,,,,,,,,,,,,0
194,1,1.000000e+000,9.000000e+002,4.000000e+001,2.000000e+001,1.000000e+001,8.000000e+000,4.000000e+000,2.000000e+000,1.000000e+000,0,1.000000e+000,3.000000e+000,7.000000e+000,9.000000e+000,1.900000e+001,3.900000e+001,8.990000e+002,,1.434000e-006,1.463000e-006,4.703000e+000,4.703000e+000,2.636000e+001,2.636000e+001,2.645000e+001,2.645000e+001,4.312000e-002,4.312000e-002,1.501000e+000,1.501000e+000,2.742000e-006,2.742000e-006,8.220000e+002,8.220000e+002,,2.799000e-006,2.799000e-006,,1.445000e-006,1.477000e-006,0
195,7,2.000000e+000,9.000000e+002,4.000000e+001,2.000000e+001,1.000000e+001,8.000000e+000,4.000000e+000,2.000000e+000,1.000000e+000,1.000000e+000,0,2.000000e+000,6.000000e+000,8.000000e+000,1.800000e+001,3.800000e+001,8.980000e+002,,,,,,,,,,,,,,,,,,,,,,,,0
196,1,1.000000e+000,9.000000e+002,4.000000e+001,2.000000e+001,1.000000e+001,8.000000e+000,4.000000e+000,2.000000e+000,1.000000e+000,0,1.000000e+000,3.000000e+000,7.000000e+000,9.000000e+000,1.900000e+001,3.900000e+001,8.990000e+002,,1.695000e-006,1.509000e-006,4.783000e+000,4.783000e+000,2.646000e+001,2.646000e+001,2.638000e+001,2.638000e+001,4.210000e-002,4.210000e-002,1.503000e+000,1.503000e+000,2.135000e-006,2.135000e-006,7.895000e+002,7.895000e+002,,1.897000e-006,1.897000e-006,,1.707000e-006,1.545000e-006,0
197,7,2.000000e+000,9.000000e+002,4.000000e+001,2.000000e+001,1.000000e+001,8.000000e+000,4.000000e+000,2.000000e+000,1.000000e+000,1.000000e+000,0,2.000000e+000,6.000000e+000,8.000000e+000,1.800000e+001,3.800000e+001,8.980000e+002,,,,,,,,,,,,,,,,,,,,,,,,0
198,1,1.000000e+000,9.000000e+002,4.000000e+001,2.000000e+001,1.000000e+001,8.000000e+000,4.000000e+000,2.000000e+000,1.000000e+000,0,1.000000e+000,3.000000e+000,7.000000e+000,9.000000e+000,1.900000e+001,3.900000e+001,8.990000e+002,,1.550000e-006,1.519000e-006,4.888000e+000,4.888000e+000,2.646000e+001,2.646000e+001,2.652000e+001,2.652000e+001,4.207000e-002,4.207000e-002,1.505000e+000,1.505000e+000,2.612000e-006,2.612000e-006,8.013000e+002,8.013000e+002,,2.700000e-006,2.700000e-006,,1.570000e-006,1.535000e-006,0
199,7,2.000000e+000,9.000000e+002,4.000000e+001,2.000000e+001,1.000000e+001,8.000000e+000,4.000000e+000,2.000000e+000,1.000000e+000,1.000000e+000,0,2.000000e+000,6.000000e+000,8.000000e+000,1.800000e+001,3.800000e+001,8.980000e+002,,,,,,,,,,,,,,,,,,,,,,,,0
200,1,1.000000e+000,9.000000e+002,4.000000e+001,2.000000e+001,1.000000e+001,8.000000e+000,4.000000e+000,2.000000e+000,1.000000e+000,0,1.000000e+000,3.000000e+000,7.000000e+000,9.000000e+000,1.900000e+001,3.900000e+001,8.990000e+002,,2.169000e-006,1.477000e-006,4.775000e+000,4.775000e+000,2.634000e+001,2.634000e+001,2.648000e+001,2.648000e+001,4.255000e-002,4.255000e-002,1.509000e+000,1.509000e+000,1.090000e-006,1.090000e-006,8.001000e+002,8.001000e+002,,1.073000e-006,1.073000e-006,,2.161000e-006,1.493000e-006,0
201,7,2.000000e+000,9.000000e+002,4.000000e+001,2.000000e+001,1.000000e+001,8.000000e+000,4.000000e+000,2.000000e+000,1.000000e+000,1.000000e+000,0,2.000000e+000,6.000000e+000,8.000000e+000,1.800000e+001,3.800000e+001,8.980000e+002,,,,,,,,,,,,,,,,,,,,,,,,0
202,1,1.000000e+000,9.000000e+002,4.000000e+001,2.000000e+001,1.000000e+001,8.000000e+000,4.000000e+000,2.000000e+000,1.000000e+000,0,1.000000e+000,3.000000e+000,7.000000e+000,9.000000e+000,1.900000e+001,3.900000e+001,8.990000e+002,,1.627000e-006,2.838000e-006,4.795000e+000,4.795000e+000,2.635000e+001,2.635000e+001,2.653000e+001,2.653000e+001,4.347000e-002,4.347000e-002,1.507000e+000,1.507000e+000,6.699000e-007,6.699000e-007,8.264000e+002,8.264000e+002,,6.720000e-007,6.720000e-007,,1.651000e-006,2.880000e-006,0
203,7,2.000000e+000,9.000000e+002,4.000000e+001,2.000000e+001,1.000000e+001,8.000000e+000,4.000000e+000,2.000000e+000,1.000000e+000,1.000000e+000,0,2.000000e+000,6.000000e+000,8.000000e+000,1.800000e+001,3.800000e+001,8.980000e+002,,,,,,,,,,,,,,,,,,,,,,,,0
204,1,1.000000e+000,9.000000e+002,4.000000e+001,2.000000e+001,1.000000e+001,8.000000e+000,4.000000e+000,2.000000e+000,1.000000e+000,0,1.000000e+000,3.000000e+000,7.000000e+000,9.000000e+000,1.900000e+001,3.900000e+001,8.990000e+002,,1.483000e-006,2.389000e-006,4.785000e+000,4.785000e+000,2.633000e+001,2.633000e+001,2.632000e+001,2.632000e+001,4.175000e-002,4.175000e-002,1.492000e+000,1.492000e+000,1.369000e-006,1.369000e-006,7.843000e+002,7.843000e+002,,1.420000e-006,1.420000e-006,,1.501000e-006,2.399000e-006,0
205,7,2.000000e+000,9.000000e+002,4.000000e+001,2.000000e+001,1.000000e+001,8.000000e+000,4.000000e+000,2.000000e+000,1.000000e+000,1.000000e+000,0,2.000000e+000,6.000000e+000,8.000000e+000,1.800000e+001,3.800000e+001,8.980000e+002,,,,,,,,,,,,,,,,,,,,,,,,0
206,1,1.000000e+000,9.000000e+002,4.000000e+001,2.000000e+001,1.000000e+001,8.000000e+000,4.000000e+000,2.000000e+000,1.000000e+000,0,1.000000e+000,3.000000e+000,7.000000e+000,9.000000e+000,1.900000e+001,3.900000e+001,8.990000e+002,,1.420000e-006,1.436000e-006,4.756000e+000,4.756000e+000,2.630000e+001,2.630000e+001,2.644000e+001,2.644000e+001,4.135000e-002,4.135000e-002,1.498000e+000,1.498000e+000,2.609000e-006,2.609000e-006,7.370000e+002,7.370000e+002,,2.606000e-006,2.606000e-006,,1.440000e-006,1.455000e-006,0
207,7,2.000000e+000,9.000000e+002,4.000000e+001,2.000000e+001,1.000000e+001,8.000000e+000,4.000000e+000,2.000000e+000,1.000000e+000,1.000000e+000,0,2.000000e+000,6.000000e+000,8.000000e+000,1.800000e+001,3.800000e+001,8.980000e+002,,,,,,,,,,,,,,,,,,,,,,,,0
208,1,1.000000e+000,9.000000e+002,4.000000e+001,2.000000e+001,1.000000e+001,8.000000e+000,4.000000e+000,2.000000e+000,1.000000e+000,0,1.000000e+000,3.000000e+000,7.000000e+000,9.000000e+000,1.900000e+001,3.900000e+001,8.990000e+002,,2.075000e-006,1.540000e-006,4.814000e+000,4.814000e+000,2.641000e+001,2.641000e+001,2.651000e+001,2.651000e+001,4.015000e-002,4.015000e-002,1.465000e+000,1.465000e+000,9.289000e-007,9.289000e-007,7.651000e+002,7.651000e+002,,9.239000e-007,9.239000e-007,,2.112000e-006,1.528000e-006,0
209,7,2.000000e+000,9.000000e+002,4.000000e+001,2.000000e+001,1.000000e+001,8.000000e+000,4.000000e+000,2.000000e+000,1.000000e+000,1.000000e+000,0,2.000000e+000,6.000000e+000,8.000000e+000,1.800000e+001,3.800000e+001,8.980000e+002,,,,,,,,,,,,,,,,,,,,,,,,0
210,1,1.000000e+000,9.000000e+002,4.000000e+001,2.000000e+001,1.000000e+001,8.000000e+000,4.000000e+000,2.000000e+000,1.000000e+000,0,1.000000e+000,3.000000e+000,7.000000e+000,9.000000e+000,1.900000e+001,3.900000e+001,8.990000e+002,,1.440000e-006,1.488000e-006,4.747000e+000,4.747000e+000,2.646000e+001,2.646000e+001,2.639000e+001,2.639000e+001,4.092000e-002,4.092000e-002,1.475000e+000,1.475000e+000,2.747000e-006,2.747000e-006,7.887000e+002,7.887000e+002,,2.757000e-006,2.757000e-006,,1.442000e-006,1.512000e-006,0
211,7,2.000000e+000,9.000000e+002,4.000000e+001,2.000000e+001,1.000000e+001,8.000000e+000,4.000000e+000,2.000000e+000,1.000000e+000,1.000000e+000,0,2.000000e+000,6.000000e+000,8.000000e+000,1.800000e+001,3.800000e+001,8.980000e+002,,,,,,,,,,,,,,,,,,,,,,,,0
212,1,1.000000e+000,9.000000e+002,4.000000e+001,2.000000e+001,1.000000e+001,8.000000e+000,4.000000e+000,2.000000e+000,1.000000e+000,0,1.000000e+000,3.000000e+000,7.000000e+000,9.000000e+000,1.900000e+001,3.900000e+001,8.990000e+002,,1.438000e-006,1.483000e-006,4.838000e+000,4.838000e+000,2.658000e+001,2.658000e+001,2.627000e+001,2.627000e+001,4.470000e-002,4.470000e-002,1.516000e+000,1.516000e+000,2.639000e-006,2.639000e-006,8.090000e+002,8.090000e+002,,2.639000e-006,2.639000e-006,,1.444000e-006,1.502000e-006,0
213,7,2.000000e+000,9.000000e+002,4.000000e+001,2.000000e+001,1.000000e+001,8.000000e+000,4.000000e+000,2.000000e+000,1.000000e+000,1.000000e+000,0,2.000000e+000,6.000000e+000,8.000000e+000,1.800000e+001,3.800000e+001,8.980000e+002,,,,,,,,,,,,,,,,,,,,,,,,0
214,1,1.000000e+000,9.000000e+002,4.000000e+001,2.000000e+001,1.000000e+001,8.000000e+000,4.000000e+000,2.000000e+000,1.000000e+000,0,1.000000e+000,3.000000e+000,7.000000e+000,9.000000e+000,1.900000e+001,3.900000e+001,8.990000e+002,,1.466000e-006,1.599000e-006,4.807000e+000,4.807000e+000,2.644000e+001,2.644000e+001,2.651000e+001,2.651000e+001,4.155000e-002,4.155000e-002,1.491000e+000,1.491000e+000,4.700000e-006,4.700000e-006,7.897000e+002,7.897000e+002,,4.664000e-006,4.664000e-006,,1.485000e-006,1.622000e-006,0
215,7,2.000000e+000,9.000000e+002,4.000000e+001,2.000000e+001,1.000000e+001,8.000000e+000,4.000000e+000,2.000000e+000,1.000000e+000,1.000000e+000,0,2.000000e+000,6.000000e+000,8.000000e+000,1.800000e+001,3.800000e+001,8.980000e+002,,,,,,,,,,,,,,,,,,,,,,,,0
216,1,1.000000e+000,9.000000e+002,4.000000e+001,2.000000e+001,1.000000e+001,8.000000e+000,4.000000e+000,2.000000e+000,1.000000e+000,0,1.000000e+000,3.000000e+000,7.000000e+000,9.000000e+000,1.900000e+001,3.900000e+001,8.990000e+002,,1.631000e-006,2.329000e-006,4.788000e+000,4.788000e+000,2.639000e+001,2.639000e+001,2.633000e+001,2.633000e+001,4.307000e-002,4.307000e-002,1.505000e+000,1.505000e+000,1.411000e-006,1.411000e-006,8.201000e+002,8.201000e+002,,1.473000e-006,1.473000e-006,,1.660000e-006,2.376000e-006,0
217,7,2.000000e+000,9.000000e+002,4.000000e+001,2.000000e+001,1.000000e+001,8.000000e+000,4.000000e+000,2.000000e+000,1.000000e+000,1.000000e+000,0,2.000000e+000,6.000000e+000,8.000000e+000,1.800000e+001,3.800000e+001,8.980000e+002,,,,,,,,,,,,,,,,,,,,,,,,0
218,1,1.000000e+000,9.000000e+002,4.000000e+001,2.000000e+001,1.000000e+001,8.000000e+000,4.000000e+000,2.000000e+000,1.000000e+000,0,1.000000e+000,3.000000e+000,7.000000e+000,9.000000e+000,1.900000e+001,3.900000e+001,8.990000e+002,,1.410000e-006,1.715000e-006,4.752000e+000,4.752000e+000,2.633000e+001,2.633000e+001,2.634000e+001,2.634000e+001,4.142000e-002,4.142000e-002,1.495000e+000,1.495000e+000,3.883000e-006,3.883000e-006,7.848000e+002,7.848000e+002,,3.865000e-006,3.865000e-006,,1.417000e-006,1.734000e-006,0
219,7,2.000000e+000,9.000000e+002,4.000000e+001,2.000000e+001,1.000000e+001,8.000000e+000,4.000000e+000,2.000000e+000,1.000000e+000,1.000000e+000,0,2.000000e+000,6.000000e+000,8.000000e+000,1.800000e+001,3.800000e+001,8.980000e+002,,,,,,,,,,,,,,,,,,,,,,,,0
220,1,1.000000e+000,9.000000e+002,4.000000e+001,2.000000e+001,1.000000e+001,8.000000e+000,4.000000e+000,2.000000e+000,1.000000e+000,0,1.000000e+000,3.000000e+000,7.000000e+000,9.000000e+000,1.900000e+001,3.900000e+001,8.990000e+002,,1.346000e-006,1.440000e-006,4.683000e+000,4.683000e+000,2.632000e+001,2.632000e+001,2.652000e+001,2.652000e+001,4.270000e-002,4.270000e-002,1.499000e+000,1.499000e+000,2.647000e-006,2.647000e-006,8.041000e+002,8.041000e+002,,2.945000e-006,2.945000e-006,,1.355000e-006,1.475000e-006,0
221,7,2.000000e+000,9.000000e+002,4.000000e+001,2.000000e+001,1.000000e+001,8.000000e+000,4.000000e+000,2.000000e+000,1.000000e+000,1.000000e+000,0,2.000000e+000,6.000000e+000,8.000000e+000,1.800000e+001,3.800000e+001,8.980000e+002,,,,,,,,,,,,,,,,,,,,,,,,0
222,1,1.000000e+000,9.000000e+002,4.000000e+001,2.000000e+001,1.000000e+001,8.000000e+000,4.000000e+000,2.000000e+000,1.000000e+000,0,1.000000e+000,3.000000e+000,7.000000e+000,9.000000e+000,1.900000e+001,3.900000e+001,8.990000e+002,,1.655000e-006,1.419000e-006,4.788000e+000,4.788000e+000,2.630000e+001,2.630000e+001,2.642000e+001,2.642000e+001,4.332000e-002,4.332000e-002,1.521000e+000,1.521000e+000,2.575000e-006,2.575000e-006,8.130000e+002,8.130000e+002,,2.661000e-006,2.661000e-006,,1.669000e-006,1.440000e-006,0
223,7,2.000000e+000,9.000000e+002,4.000000e+001,2.000000e+001,1.000000e+001,8.000000e+000,4.000000e+000,2.000000e+000,1.000000e+000,1.000000e+000,0,2.000000e+000,6.000000e+000,8.000000e+000,1.800000e+001,3.800000e+001,8.980000e+002,,,,,,,,,,,,,,,,,,,,,,,,0
224,1,1.000000e+000,9.000000e+002,4.000000e+001,2.000000e+001,1.000000e+001,8.000000e+000,4.000000e+000,2.000000e+000,1.000000e+000,0,1.000000e+000,3.000000e+000,7.000000e+000,9.000000e+000,1.900000e+001,3.900000e+001,8.990000e+002,,1.786000e-006,1.692000e-006,4.695000e+000,4.695000e+000,2.642000e+001,2.642000e+001,2.633000e+001,2.633000e+001,4.317000e-002,4.317000e-002,1.503000e+000,1.503000e+000,2.860000e-006,2.860000e-006,8.120000e+002,8.120000e+002,,2.852000e-006,2.852000e-006,,1.837000e-006,1.712000e-006,0
225,7,2.000000e+000,9.000000e+002,4.000000e+001,2.000000e+001,1.000000e+001,8.000000e+000,4.000000e+000,2.000000e+000,1.000000e+000,1.000000e+000,0,2.000000e+000,6.000000e+000,8.000000e+000,1.800000e+001,3.800000e+001,8.980000e+002,,,,,,,,,,,,,,,,,,,,,,,,0
226,1,1.000000e+000,9.000000e+002,4.000000e+001,2.000000e+001,1.000000e+001,8.000000e+000,4.000000e+000,2.000000e+000,1.000000e+000,0,1.000000e+000,3.000000e+000,7.000000e+000,9.000000e+000,1.900000e+001,3.900000e+001,8.990000e+002,,1.533000e-006,2.277000e-006,4.820000e+000,4.820000e+000,2.623000e+001,2.623000e+001,2.637000e+001,2.637000e+001,4.080000e-002,4.080000e-002,1.479000e+000,1.479000e+000,6.395000e-007,6.395000e-007,7.952000e+002,7.952000e+002,,6.399000e-007,6.399000e-007,,1.555000e-006,2.371000e-006,0
